pseudoword,Value
abhert,0.452500941
abhict,0.434171333
acleat,0.527803425
acmure,0.604888653
acoed,0.538989524
acoy,0.630760909
acraw,0.551281884
adeb,0.596883736
adlor,0.531686609
adpite,0.527063682
adrord,0.589540394
aercup,0.617660918
aflo,0.701051891
aflouse,0.602763526
afruist,0.588741881
aftot,0.604511843
aftul,0.522369951
afuke,0.484339097
agind,0.503890818
akiype,0.609634817
akiyse,0.587310955
akiysm,0.438252046
alinch,0.6142606
alproubt,0.477722827
amesse,0.559251474
amle,0.63290038
ampgrair,0.506877454
ancil,0.629622255
anneenths,0.565736803
ansey,0.560603651
apeted,0.527115149
apgen,0.550717004
apgents,0.593848963
apgert,0.442725127
apgor,0.445533224
apgra,0.526095509
apjoled,0.464379216
apjorm,0.542007702
appite,0.723883198
apuss,0.417917449
areese,0.55622704
arepent,0.521142005
arfin,0.565717635
arreges,0.441432127
artaits,0.659471096
aruds,0.495871155
arvol,0.600438222
arwarts,0.396263335
asarps,0.457197171
ascel,0.678903544
atben,0.530007133
atelecks,0.537274017
atrur,0.444536791
atryr,0.530267529
atsty,0.545501057
attice,0.626818379
atux,0.556743504
avoed,0.546571346
avol,0.592435343
awgits,0.513412008
awslonts,0.487248366
awturps,0.354921782
axnur,0.472544761
axswan,0.465674938
axswe,0.382812208
axude,0.511400469
axwas,0.431544754
aymupt,0.459611271
baflew,0.579311135
balal,0.48014526
balrims,0.489992412
bancid,0.308021988
baper,0.538002389
bapet,0.576473319
bapey,0.574604655
bapger,0.454571186
bapgion,0.477888933
bapgy,0.54117879
bapil,0.572719192
barought,0.513375428
barrocts,0.435599781
basaves,0.518771959
bavelts,0.567576724
baxswing,0.471354667
bayfy,0.631807601
beenish,0.567140543
belorse,0.483971867
belsot,0.575809381
bengeer,0.436949153
beplalds,0.475699136
berroyed,0.384270784
betby,0.663055085
betrur,0.515899782
bewfet,0.514918055
bhubaxe,0.418790215
bhuxon,0.538774578
bicket,0.524832001
bigurs,0.489622279
bilming,0.527761939
binmi,0.670991208
bipar,0.481260133
bipgar,0.53466203
bipgead,0.476113972
bippen,0.604690949
blabful,0.445649699
blact,0.493187018
blandron,0.468945733
blasclumed,0.394295782
bleezes,0.619126159
blegjay,0.502678762
blelshed,0.391921741
blengely,0.410250951
bloffs,0.471937311
bluley,0.545662654
blussoths,0.568360606
bockoths,0.416950299
bollcole,0.489697644
bomden,0.532157971
bonfles,0.614353962
bonthome,0.633899206
booselons,0.580029225
boppies,0.796334629
boshons,0.656010481
boubty,0.639673774
bouscils,0.509395877
breafs,0.51205157
bripgred,0.443415703
brisps,0.601038602
brubing,0.487359473
buckthout,0.347859469
buido,0.616277174
bulpen,0.542035636
bunsal,0.470414121
bureer,0.468681533
bursing,0.49851327
butsling,0.466656859
buvners,0.530993363
byloin,0.458155322
byloms,0.586422243
caby,0.684845643
cackhage,0.318007515
calbiest,0.573976365
caldness,0.39022481
calow,0.506328983
calwathe,0.482645839
cameons,0.568569951
camid,0.604984456
campgree,0.592907333
caplime,0.631562612
carbeen,0.700656397
carounts,0.592648053
carvelays,0.566285159
casp,0.57210485
caub,0.54739962
cavral,0.587283275
caxnus,0.415183987
ceatrings,0.549111547
cecoat,0.58768383
cecs,0.56694519
cecur,0.474035785
cefflier,0.572042046
cegurs,0.483046454
celve,0.518427294
centy,0.567695438
cestop,0.424591449
chapefers,0.580876926
charb,0.542399394
chavot,0.639003483
cherses,0.642638334
chever,0.600287666
chezing,0.562642605
chiddy,0.691130936
chlorted,0.518719762
choleboard,0.392839012
chrine,0.435689071
chuessed,0.574481983
chufo,0.612691996
chulb,0.486546987
chulle,0.604485895
chund,0.462435388
churse,0.473155474
chussals,0.540426572
chuzzer,0.523622417
cibness,0.549021422
clace,0.626571495
clact,0.508378927
claky,0.47986182
clawbants,0.39658758
cleb,0.524529071
clebe,0.556573746
cleete,0.465996683
clesk,0.491946074
clesp,0.556049086
cley,0.657528157
clinfler,0.437743244
cloddener,0.382235721
cloor,0.539167452
coachgurbed,0.352377427
coaxnine,0.369116991
cobfic,0.514308143
cobnies,0.628229591
codhus,0.492931502
cofew,0.53366236
cofnun,0.415175038
cofrer,0.549040314
colboas,0.482471219
coldibed,0.444391551
collauce,0.405722097
colpust,0.442564822
combrince,0.516907871
compake,0.594345279
compesh,0.474324214
compracked,0.418220071
comwosed,0.424146881
conchyls,0.447860961
condeg,0.445590367
congesnes,0.453594847
congirds,0.509523776
conmince,0.543898821
connar,0.570106091
connusts,0.405118567
conshosts,0.408605198
coopan,0.593328518
copga,0.50361808
copger,0.470136898
copgies,0.446608424
copgred,0.479925555
copgy,0.485456291
copicts,0.540515483
corkner,0.582497642
corrift,0.61522956
corsoy,0.53871341
cothaw,0.505986121
couthstips,0.496936992
cowdled,0.41970875
coyryx,0.385346842
cpar,0.512995103
cracots,0.48115706
crair,0.519316253
cramney,0.381746733
crangles,0.444865826
cranser,0.43990769
cratching,0.386220813
crearking,0.314354519
creely,0.414268395
crewdly,0.336559769
creycound,0.450902183
crideles,0.44245589
cridgepeads,0.345736168
cridgers,0.334035996
cridths,0.490473609
crile,0.407449257
croal,0.443096846
crockack,0.360364007
cruker,0.390695213
cruns,0.486923141
crutto,0.459748151
cryps,0.336467962
culboaned,0.34000637
cundeans,0.392154548
cupgal,0.536136975
cutbroas,0.393444895
cybrane,0.454178505
cyclite,0.572199594
cymning,0.519901597
cyquanes,0.484801766
dackly,0.525172099
dagoul,0.417773737
dalf,0.572565359
dallead,0.385250799
dalp,0.520400441
danchunk,0.463762069
dapgel,0.490515989
dapger,0.441433088
dapging,0.539982402
daping,0.542732583
dardpour,0.390994715
dasarps,0.413733164
dasetail,0.564261005
dashup,0.640794032
debty,0.384534179
dededge,0.401469374
deedlosh,0.458708425
defoles,0.378074926
defotes,0.389264734
degaps,0.393559963
degide,0.411404535
dehosed,0.265460885
deplarked,0.378740755
depleare,0.320910243
deplews,0.529590867
depouts,0.456661504
deprods,0.440790146
deprumed,0.272964138
depuds,0.446747829
depursts,0.419655602
deshey,0.524235683
desombs,0.35847215
despast,0.327504368
desues,0.486455083
desurps,0.395869663
detilns,0.502361096
devash,0.400508287
dewshaps,0.527430305
dezien,0.584712867
dezil,0.487025009
dezins,0.459310901
deziss,0.457814152
dezist,0.322718096
dicicts,0.44980006
dideles,0.531219593
diferesce,0.430591125
diffrorn,0.394846086
digrechs,0.33945002
digrelf,0.431823205
dilthes,0.425922754
dilths,0.369619736
dilthy,0.323083893
dimbprong,0.401909084
dimians,0.494930672
dipgred,0.418967505
dipske,0.413361986
dipuns,0.508070406
direrbs,0.518970903
diruke,0.443179668
dirursts,0.447981091
dirurved,0.371708687
dischoyed,0.324397334
disdauched,0.350445618
disdettes,0.327409659
disdorn,0.250204951
disfroke,0.312146636
disgraked,0.242306054
disgraud,0.270198714
disgroose,0.322658406
dislack,0.371533259
dislaists,0.392159401
dislausts,0.325685356
dislolls,0.423698843
dispames,0.407205953
dispreged,0.294963601
disputs,0.24463337
disrusts,0.26223166
disspost,0.349152555
ditheless,0.336710192
divords,0.227610857
divucts,0.398154968
doelt,0.387623644
doep,0.48882895
dofis,0.529593381
donco,0.571511575
dondits,0.505819721
donfled,0.437283497
donfles,0.536180178
donpled,0.530810063
doolcrobs,0.417592178
dortness,0.423440999
doryls,0.473358181
drapgash,0.349016567
drockly,0.506248718
drumess,0.536289552
dullting,0.34556209
dumfrings,0.358491499
duntbews,0.395942778
dupung,0.331682676
dyish,0.375898546
dymph,0.507763085
ealm,0.632118038
eament,0.508670008
earsiews,0.468173973
eashwands,0.541436334
ecate,0.518809949
edil,0.553313908
edso,0.592094845
edsows,0.525107425
eemlid,0.510129135
efel,0.621216772
efem,0.524111135
efut,0.564483591
eilthetes,0.535485505
eintrus,0.481804893
ejoles,0.519528994
ekeme,0.519001887
elktess,0.562841258
ellachs,0.518603666
elptish,0.610605132
eltence,0.60279863
eltshia,0.567996062
elurb,0.459805033
emfess,0.509314912
emild,0.63179108
emperk,0.630492317
enscenged,0.459116281
envogs,0.47914887
envone,0.572061604
enzui,0.488134446
erar,0.534278647
erfig,0.478420454
erfy,0.589415796
erhess,0.547015437
erids,0.569450193
ermby,0.620846882
eroves,0.52044262
errords,0.376221994
erual,0.406521157
escharked,0.440581819
esfess,0.586687763
esjume,0.53017111
eslood,0.490401239
estherse,0.521635465
estism,0.56306089
etige,0.557112208
etirt,0.463722418
evede,0.519928711
ewaw,0.536052603
ewoche,0.552294319
exbrafes,0.356862954
exbrarb,0.36993564
exfanks,0.379626978
exfirt,0.458364327
exfis,0.499079036
exfo,0.452940931
exgise,0.398856257
exnal,0.343784445
exnouse,0.368402798
expia,0.591969395
extrurt,0.358948374
fabler,0.671674668
fafled,0.527900892
falm,0.566330642
faloor,0.646460193
famps,0.498956846
fandede,0.556461564
fanely,0.644911934
fangeer,0.447083619
fawis,0.576200511
feading,0.583233493
feartings,0.361524541
febs,0.562951371
febser,0.485926683
fedee,0.677347529
fedlones,0.449073173
feechings,0.509133415
feetbrates,0.483002119
feightel,0.473263035
felks,0.528289376
fempa,0.56570154
ferban,0.516836949
festags,0.475044058
fething,0.454207854
fibhin,0.455084329
fibire,0.605085191
fibsted,0.471715036
fidst,0.533296346
fiffy,0.744646791
filarm,0.466753135
fimigged,0.35136177
fivna,0.529325164
fixfeen,0.628409707
flackouns,0.343070628
flacmate,0.456284885
flandbons,0.462222834
flandron,0.538167308
flapgred,0.530818534
fleminned,0.450680885
flishen,0.599294005
fliy,0.654306293
floakly,0.534689708
floal,0.726993991
flofost,0.513870333
flooners,0.707847901
floovers,0.716738798
flowesh,0.757600791
fludging,0.435590202
flukdides,0.347467625
fluzz,0.667353716
foadeyes,0.452363024
foffrays,0.573488752
foluy,0.51501157
fordeats,0.517474407
forepape,0.412452404
forhol,0.402182391
forklypt,0.507739944
forual,0.605739937
fosed,0.579163328
fosels,0.625088745
fosetuls,0.496170657
foustered,0.344894379
fowntuls,0.405896681
fralode,0.468171886
frar,0.531553203
frarbed,0.42827779
frarm,0.648490422
frarthy,0.525804
freapt,0.544222073
freardly,0.409446904
freazy,0.518765307
fubbar,0.524965215
fugcar,0.411702355
fukeer,0.268124885
funts,0.435828698
furgud,0.443368721
furnpiled,0.398153276
gafed,0.427684767
gagtres,0.316638227
galp,0.446932474
gansest,0.410403328
gapet,0.558707427
garples,0.471063365
garsons,0.553042343
gashbooms,0.36008641
gearl,0.578726276
ghactist,0.317619918
ghyps,0.490581009
gify,0.639550758
gign,0.517186928
gimskand,0.385773739
ginnies,0.691455734
girm,0.326804279
gisc,0.510330262
gisk,0.538241353
gixgaws,0.466416513
glanny,0.625827996
glelve,0.484554542
glirehouse,0.626450935
gloaks,0.507357073
gnopi,0.562688135
gnort,0.349895993
gnud,0.516024274
goep,0.519140151
gomben,0.486656398
gomsat,0.4669899
goontier,0.4932037
gouilhalls,0.424924078
grager,0.49880352
grelles,0.45878776
grempes,0.347112436
grendness,0.578497055
gricking,0.386787558
grinva,0.558070479
groanfuls,0.20213346
groilstone,0.24947686
groosted,0.450602982
gropness,0.328644663
groultes,0.364324867
guddre,0.456291115
gurb,0.469501128
guyber,0.535946592
gypgrip,0.428638791
gypgup,0.479785659
habbled,0.485196694
hact,0.476149055
hastuck,0.469498903
haxli,0.598607126
hedly,0.599053459
hicies,0.519368391
hictades,0.365507671
hijoned,0.535684997
hildby,0.550826884
hirries,0.597656458
hiser,0.511776711
hodgier,0.435056286
hoeser,0.516845223
holchoun,0.483507906
homlead,0.662614501
homptes,0.402279579
honch,0.525992929
hoober,0.627474293
horfy,0.452874848
hortuds,0.399461373
hosetuls,0.415015707
houthwills,0.534710317
howlpifts,0.3691894
hownab,0.526482283
hufa,0.588936993
hufo,0.539552159
hufy,0.494280027
hugey,0.667162781
hukes,0.400019837
humpiers,0.455255885
hutby,0.59717712
hutip,0.607117008
hygcup,0.546353435
iass,0.56989715
ifry,0.55435453
igla,0.59195295
igly,0.389576485
ikieth,0.459168117
illweme,0.517192029
imblock,0.384858808
imblodes,0.259511734
imbloles,0.423483388
imbott,0.489584405
imboves,0.468103256
imbropts,0.412357778
imbting,0.441184393
imbuled,0.365937071
imbyne,0.469404714
immepped,0.391216586
impails,0.224965195
inchained,0.297372545
incyps,0.449504329
infeard,0.336713394
infeart,0.347040934
infeme,0.454321423
ingills,0.5568269
injaps,0.460316289
inmead,0.566893194
inquact,0.492560839
insimes,0.478317742
inswols,0.447787709
invets,0.568770685
invont,0.45198212
irits,0.465034488
isax,0.567078842
ivosh,0.541342695
jaloor,0.594046596
japet,0.51635998
japgine,0.514574165
jarb,0.54545348
jasp,0.543897101
jawk,0.503263679
jayunct,0.51571266
jecrides,0.441890909
jelms,0.656787994
jerdint,0.512751742
jerlous,0.38503469
jessuls,0.601235855
jilths,0.435552644
jipping,0.493564573
jirm,0.351723289
jitting,0.473202614
jodd,0.542555375
jodry,0.616114767
jogy,0.643485329
jomeers,0.560503565
jomsaw,0.509427432
jonfles,0.588398707
jonier,0.630367463
josk,0.534226036
jouse,0.654854033
joygade,0.781171064
jumbty,0.695070513
jupsers,0.577669746
jurn,0.431361114
kangling,0.5227566
kankmen,0.388719951
kedges,0.501091802
kepgote,0.418722686
ketkin,0.566120686
keve,0.61217693
khars,0.498259647
kibid,0.652119325
kittings,0.719523583
kivs,0.590219334
knackets,0.569603492
knibe,0.400333179
kniln,0.501114986
knilques,0.382906986
knimly,0.643231406
knist,0.549924618
kockals,0.423020485
krennix,0.544482045
kritched,0.396850926
kuldies,0.591971635
kusgrels,0.385562338
labtered,0.411646852
lagobe,0.563063072
lalal,0.760978916
lalktost,0.481762134
lambeen,0.638741399
lanja,0.635159582
larwan,0.528569277
laryl,0.533882446
lault,0.621014259
laxfel,0.448745272
leabup,0.576828304
leboss,0.425643582
lebost,0.501451493
leging,0.549181839
lelk,0.57502012
lestest,0.439614805
levrees,0.515506035
liflo,0.641831836
lilgite,0.550392655
lindedes,0.602689167
lintres,0.512574841
lipgre,0.529919442
lipgus,0.487718391
liptie,0.49996675
lirlest,0.522784816
lisy,0.693153264
litple,0.56239529
lixics,0.60637187
lixthless,0.30231779
locin,0.551328028
loduy,0.535707789
loindroin,0.481789613
lokier,0.589805622
lomosts,0.408582945
lootmork,0.507126957
lopber,0.530503061
lopgo,0.547901995
lorsor,0.487831132
losiave,0.518462714
losish,0.533178459
loubts,0.407383136
lubo,0.577206877
lunchlill,0.570233987
lurb,0.549854693
luys,0.539806216
lylik,0.621699252
lyll,0.58254643
mabfie,0.57526695
mabhew,0.496415509
mabhey,0.5432086
mabio,0.584233221
macnyl,0.449780926
maddage,0.44922536
maifs,0.559736293
maistes,0.46653049
mambs,0.575338028
mamled,0.424549883
mampen,0.481598595
mancmer,0.435624947
mannours,0.609916619
mapge,0.508350149
mapger,0.470974138
masp,0.500304735
matben,0.458605082
mavel,0.718889899
meaf,0.541478872
mebyl,0.497579823
meetier,0.545682106
meywas,0.558690014
midsteps,0.561444788
miek,0.573453474
miet,0.607543708
migrechs,0.420527667
migremns,0.349730138
milmeged,0.443031191
milys,0.659824536
mineg,0.596715013
minnip,0.650081516
mirdbop,0.509049734
misdalds,0.420454256
misdarms,0.301585061
misdels,0.407689392
miseau,0.523216979
miskips,0.43176603
misnels,0.550300903
misnil,0.506779777
misnive,0.399103638
misnyps,0.370085423
mispleged,0.364008667
misplirds,0.449499452
misprolls,0.371596193
misqualt,0.36253268
misquirds,0.32181802
misslites,0.439042658
missols,0.435365531
mistrecks,0.417469322
mixea,0.616432412
mobort,0.406735688
mocys,0.539862449
moglede,0.409904768
mointents,0.566581546
moitis,0.47161578
molltents,0.380960598
mombfure,0.421011124
monpleants,0.473322248
monsmal,0.514997437
montein,0.601468804
mooge,0.634505619
mopial,0.467805278
morkfure,0.344700427
mosicised,0.377730735
moung,0.464416978
moungern,0.310331464
mouno,0.487411074
mousaw,0.483675794
moyca,0.599920555
muester,0.540953371
mujok,0.41348797
mundats,0.405199568
muplids,0.479404193
mutolls,0.400308655
mutsles,0.476968323
mype,0.618965123
myrry,0.588927996
myvet,0.561934664
naaclon,0.48144001
nabat,0.54118972
nact,0.561808387
nacty,0.376974579
namb,0.552661268
namters,0.483008341
naoade,0.466632761
narrause,0.436663803
naslepans,0.396339353
navol,0.553398566
nedukes,0.482826206
nermast,0.478918883
nertal,0.462490684
niaps,0.578567762
nibe,0.596113119
nilthe,0.49918958
niltres,0.45457406
nimdad,0.455590968
nipgred,0.402856363
nirthquess,0.42548877
nivny,0.587294808
nixny,0.518415744
nodills,0.544951981
noep,0.494660217
nokists,0.488639012
nokly,0.635521945
nokra,0.426262029
nollpins,0.513238209
nolve,0.602819548
noopness,0.497219024
norttag,0.483095695
nospese,0.430443479
notbed,0.43819885
nouble,0.545631909
noup,0.537389611
novra,0.666525746
noxfees,0.464888429
nuct,0.438311914
nugcouse,0.415835465
nuisills,0.440615156
nunk,0.397565513
nupleil,0.50967782
nurdres,0.476900859
nusgrell,0.432579744
nutbrill,0.620088858
nutgres,0.504235128
nyps,0.532441097
oamless,0.392941443
obsledes,0.402247539
ocised,0.44502858
ojosh,0.522240239
onbund,0.619300464
onfless,0.514734802
onots,0.462833791
onstrang,0.441257245
onup,0.572320739
opgeans,0.59682236
osner,0.567267496
otstruke,0.400380237
ottruds,0.437031744
oubnest,0.502198541
oukol,0.544504167
ounza,0.530802694
ovaft,0.573109725
pacous,0.469093317
pafi,0.543729772
palpes,0.559488323
pambfip,0.534977209
pamet,0.602591975
paobe,0.54806244
parb,0.50905565
parmly,0.696231318
parseak,0.529570031
parthbex,0.498197497
paselem,0.514455777
pathly,0.658577106
patmy,0.637037562
patpard,0.514058349
paughels,0.545462663
paythy,0.598165919
peasetice,0.597383845
pebgred,0.440300226
pebgring,0.484930904
pebi,0.628286882
pecle,0.524968901
pecly,0.508193908
pectoun,0.484954641
pedtail,0.495626082
pegen,0.567171784
pegie,0.522187662
pegoa,0.620853882
peisels,0.544270116
pemy,0.572416752
penarn,0.51377232
penching,0.472134549
pentirs,0.45787212
peok,0.597608119
pepioes,0.576550286
petly,0.665603352
pewbin,0.507841795
pewn,0.50628421
pewt,0.528994624
phame,0.620770324
phigging,0.440097362
phrace,0.640040543
phratted,0.411922535
phyheak,0.376261752
piedy,0.60714922
pilked,0.482730047
pimpen,0.548497346
pipid,0.68198744
piteer,0.579185944
plailtinch,0.46635671
plarched,0.445500702
plawen,0.503759394
plazzed,0.632298839
plictrups,0.488965906
pliming,0.526638791
plinches,0.459940854
plirled,0.521724516
plording,0.472209251
plotsy,0.574158965
ploused,0.534854516
plussard,0.508595756
plyglyss,0.469380081
plynching,0.345381882
plyten,0.533295343
poarsy,0.407248898
poblets,0.51048224
pockatz,0.460557928
pofflat,0.462442587
polif,0.478946083
ponatch,0.580939194
ponawls,0.480771945
ponfla,0.594225475
popend,0.673569893
popese,0.561353358
popging,0.511976293
postord,0.487962138
potko,0.584264336
potmers,0.511939575
pounts,0.492353551
povels,0.463366971
povers,0.515412
poves,0.587903277
povya,0.616090301
powzed,0.550042132
poyings,0.56528232
pradging,0.467420798
pralse,0.647450628
pramboos,0.565407058
prean,0.654007942
prearking,0.487437907
prebupt,0.378693061
precoys,0.605743894
preemful,0.597992493
preepy,0.525735558
prefting,0.559310915
premiege,0.668390483
premp,0.582154573
prepond,0.571885828
prerchy,0.524906619
prib,0.550546675
prily,0.531771456
prirt,0.470157444
procians,0.466083277
prockack,0.368517036
prockils,0.468655611
propeaned,0.501551484
prummered,0.410532314
pruncils,0.534625282
pseuding,0.521672977
pubrel,0.470641082
pulates,0.486527442
punsies,0.62079582
punstack,0.566728892
puntol,0.446391619
pupgar,0.617709578
purbits,0.493813035
purfuced,0.358290253
pusthin,0.487596857
puychers,0.481799729
puyfred,0.280861067
pycran,0.490673801
pydin,0.530819322
pyniack,0.456278656
pyniale,0.508198836
pyniard,0.471593736
pynprus,0.459825844
pynskus,0.442603658
pysby,0.509861045
quimners,0.598274275
radret,0.467810285
ragtif,0.446266669
ralein,0.504670335
ralp,0.446574082
rampnit,0.410104094
ranooned,0.611073584
ransede,0.423298217
rapwring,0.45112878
rarb,0.511767723
rareme,0.60541423
rargo,0.606233939
rattels,0.548093404
ratux,0.465878481
rauds,0.488879864
rayor,0.585065114
realan,0.564352252
rebio,0.538059547
rebrites,0.617513229
reclomb,0.513148458
redrel,0.54119275
reduls,0.499273513
refamb,0.508629802
reglief,0.679753122
rejawed,0.350976578
relocts,0.533079103
renute,0.574857567
repcor,0.529844097
repebs,0.492882341
repove,0.517219555
rerake,0.491485725
resapse,0.328478927
restood,0.573885616
restruke,0.411642883
resule,0.573566971
revrete,0.58804492
rewbor,0.601897113
rewik,0.509785905
rhizave,0.500275212
ribnier,0.563646807
riegles,0.470678243
rirnian,0.581549949
roachup,0.212643938
roafen,0.4798987
rolas,0.612486914
roosstep,0.577833597
ropger,0.480018557
ropgred,0.394391088
rorl,0.551175826
rorsts,0.424359747
rotger,0.478971625
rubnies,0.611394099
ruckgroof,0.418528297
rumbness,0.461959003
runcils,0.506960154
rurb,0.535619966
ruscet,0.53699042
ruxgle,0.381154186
sabued,0.479734938
sabuged,0.426554727
sabuy,0.610373093
sackthoks,0.347133696
sakply,0.547048834
saky,0.674232548
salcees,0.537413332
salgy,0.444585037
sallspoid,0.516855837
samry,0.632316262
samuy,0.580175116
sarian,0.615881437
sarmly,0.631385932
sarmo,0.518853603
sarmy,0.424713675
sarty,0.437633698
satbe,0.50517385
satly,0.51090122
sayors,0.540843403
scantawls,0.391021249
sceggres,0.388149874
scere,0.49774356
scerny,0.504839516
schoying,0.393205939
sciller,0.512161715
scispre,0.452495299
scrule,0.31187938
scruped,0.449851688
sculps,0.563313379
seave,0.600545121
secruds,0.419493894
sedsom,0.490052469
sedtaps,0.475641488
sefen,0.550660672
segrance,0.555565671
seniule,0.469273143
septen,0.542184656
sevu,0.601376601
sewel,0.548336756
shalders,0.487639568
shalicts,0.425271874
shalid,0.477138577
shaulty,0.403240315
shedels,0.460177116
sheights,0.430682127
shickyand,0.454725208
shipgruck,0.226804844
shirm,0.533923686
shockils,0.385499489
shonchos,0.560660967
shooply,0.654784419
shopial,0.665653691
shorgers,0.428412124
shorgled,0.467337176
showl,0.425879928
showzest,0.69886572
shremmer,0.53103517
shubdoids,0.382097112
shubdoint,0.521561945
shustier,0.514620154
sibit,0.56720245
sibre,0.624976643
sifed,0.513840403
silths,0.459260027
sipad,0.542139795
sipal,0.579238853
sipot,0.500633065
siseals,0.595125774
sivicine,0.529051621
skaxness,0.44035135
skeb,0.44612956
skeded,0.46943091
skibfy,0.500974089
skiyr,0.592116673
slairles,0.444368773
slakh,0.478781554
slearting,0.430464088
slifting,0.461326301
slod,0.29018256
slonients,0.480277823
sloursless,0.28659061
slouways,0.422883947
sloying,0.367171175
sludgers,0.254428258
sluses,0.571933769
smaggered,0.382760243
smamps,0.465951796
smapsick,0.464935689
smeasasts,0.405995027
smerding,0.44553647
smocy,0.539580537
smustcap,0.399386373
snabbled,0.442290309
snallox,0.392821324
snidness,0.312568265
snools,0.54154794
snukebise,0.421360676
sobmered,0.405132047
sobsiers,0.414309446
sodet,0.552088235
soduat,0.480410082
soglings,0.354545578
soniel,0.647880117
sonples,0.553304689
sonx,0.59101549
sopger,0.568667402
sorquom,0.445891858
sorrips,0.546765138
sowesh,0.486011875
sowly,0.487242192
spackmalk,0.475662727
spanscer,0.502437525
spapscing,0.464957558
spearn,0.487591602
speathlier,0.541669021
spechy,0.545732147
spever,0.493637071
spevs,0.516803305
spibfy,0.595729056
spiekes,0.391397419
spillstones,0.524659138
splanium,0.482141256
splil,0.512711839
spombful,0.486862223
spowen,0.536191892
spoying,0.51632507
spreated,0.508191706
sprilt,0.639454087
sprinkays,0.725123
squazzing,0.541477023
squerding,0.394098027
squeshotte,0.435004502
stangcays,0.46718791
stashgys,0.432013446
stazz,0.653876861
stearvast,0.52794226
stedbled,0.384753365
sterty,0.547010288
stonzed,0.580530362
stosead,0.528561428
stralser,0.533572597
stramy,0.511109748
strardles,0.493458803
straughtecks,0.311390822
strautchexed,0.299773351
streller,0.686381144
strukes,0.415275469
strur,0.47654197
sturorm,0.425755134
stutpons,0.47550476
stybee,0.542254347
styvos,0.571295465
succempts,0.509279489
sugcay,0.596940102
sugjucts,0.354944537
sulfit,0.505065726
sumbest,0.588219532
sunweem,0.66597618
supgry,0.484649563
supmeons,0.544204436
suppald,0.549968991
surfoths,0.478774239
sursawed,0.379770428
sustium,0.539468509
suswects,0.316657963
suyural,0.571695668
swact,0.496616418
swarting,0.425287072
swazzing,0.618136228
swilths,0.483394992
swimacks,0.546965929
swirps,0.623013136
swisfy,0.680760363
switchcraps,0.298196952
swolls,0.505085294
swund,0.593655651
sybfians,0.489224445
tadtens,0.491193815
taftly,0.648246402
tambtul,0.430888674
tamstreng,0.394386711
tarchless,0.356952363
tardled,0.399635723
tarving,0.455153845
tarvos,0.427931863
tarvul,0.515847451
tarwis,0.517242713
tarxest,0.350114005
tarxi,0.516107124
tasp,0.594874527
tatchhey,0.492862373
tathpoy,0.546681197
tattenipts,0.418689967
tattoubt,0.481888881
taxpors,0.360862998
teansing,0.523873362
teccy,0.584407973
tecterts,0.388457627
teded,0.528915664
teguths,0.420747728
telfure,0.590161233
tencmics,0.541904607
tepral,0.540431625
termoth,0.475417878
tersless,0.364541915
texlirt,0.564197205
teyin,0.60076293
teziels,0.461175372
thaca,0.59429628
thiels,0.435623545
thobbling,0.350759585
thosh,0.467417678
thoving,0.486065697
threet,0.473072198
threthes,0.496621818
thriper,0.485504093
thronk,0.556528447
throseless,0.373043884
thrun,0.475944291
thupe,0.484114984
thwain,0.581838595
thwarns,0.380826398
tiake,0.57471309
tibfy,0.588754813
tievage,0.512821041
timloe,0.485047114
tipgred,0.40070753
tirks,0.578628329
tobfost,0.539865487
toeban,0.46589488
toep,0.580008038
tolque,0.499789671
toubt,0.444832913
toutured,0.182891887
towtion,0.573469707
trachms,0.468603766
traffiths,0.53443853
trapgeer,0.401216237
trapgior,0.441404098
trarb,0.449350168
trardlers,0.437199037
trareplacks,0.442536078
tratecate,0.497280669
trearkers,0.436864916
trefewn,0.5451562
trenchexed,0.310459883
trexpossed,0.396321637
tridging,0.475209501
trissling,0.54892838
triyrs,0.444528309
trobbles,0.416796676
troolblip,0.556232902
troolstips,0.496134248
trufts,0.636620408
trukels,0.545455005
trukers,0.476038786
trukes,0.536126172
trukhing,0.502581353
trumbs,0.520672026
trynger,0.572485105
tudmies,0.596978049
tulpt,0.543028532
tulthum,0.569666845
tunged,0.506185533
tunsuls,0.477391373
tupgred,0.407140006
turpled,0.46575273
tusler,0.527225932
tuwhe,0.556483583
tuxgers,0.484653371
twertle,0.657683078
twilm,0.621111443
twingre,0.586981978
twique,0.534048052
tybeens,0.546359314
uards,0.428568936
uatz,0.500527447
ubint,0.408631754
ubnil,0.451770003
ubty,0.560632618
ubwand,0.499496599
uccurb,0.499078
udstame,0.388659969
ughoyed,0.305869604
uglong,0.449811208
ulsping,0.51460931
ultule,0.483269806
uncemned,0.39782659
unces,0.505901211
uncien,0.525304126
uncing,0.34498356
uneits,0.48266117
unfism,0.368007984
unfith,0.341199078
unjits,0.353258639
unkiffs,0.377505842
unpoils,0.401561307
unstyps,0.448001615
unwhissed,0.338758017
unwips,0.506677345
unwoomed,0.208127772
upga,0.486704372
upgeer,0.654504552
upgion,0.506184714
upgoup,0.547058431
upua,0.577960999
ureo,0.561609291
urglon,0.368027143
urki,0.412687057
urpet,0.461599721
usce,0.587025973
uslard,0.366633955
usler,0.45678835
uwies,0.567614343
vagolve,0.427849754
valf,0.561092717
valp,0.584285606
vares,0.598005226
vebe,0.563753599
velead,0.475416303
velull,0.539050253
vergact,0.453211714
verkans,0.447556696
vevem,0.530530471
vibcines,0.494387247
vifan,0.519333426
viker,0.526262769
villup,0.508491366
vimby,0.636756129
vime,0.506346844
visk,0.582116766
viute,0.666741864
vivrerred,0.512333794
vixgle,0.403959879
volleed,0.62858698
volols,0.531900652
votaws,0.426999681
votko,0.51423887
voulnals,0.45899289
vounly,0.491170412
vubfar,0.432492102
vubnar,0.444468792
vufas,0.435708245
vuftie,0.549317502
vugloi,0.349280714
vussals,0.447708028
vussuls,0.44725632
wabtaffs,0.535392814
wabtave,0.519591848
wabwand,0.536346956
waca,0.577670864
wapgred,0.429737545
warb,0.519187417
wareies,0.481928094
warker,0.566267611
wassown,0.513277401
wava,0.684555007
wawened,0.524953795
wayfle,0.631666621
wazo,0.679839211
wearn,0.527586864
webtless,0.453031392
weecly,0.497969749
weef,0.534533383
weenman,0.514142684
weifnight,0.421841819
welup,0.516360119
werb,0.544597119
werble,0.625643193
werfy,0.578662389
werier,0.492276023
werm,0.508963643
whak,0.439818043
wheam,0.584588654
whez,0.561440004
whickstap,0.495157945
whily,0.659317421
whisspeals,0.546541807
whisspouls,0.543937633
whombers,0.617853032
whosouts,0.538771951
whosting,0.44499417
whowzage,0.677679972
wikh,0.523680965
wiky,0.69116137
willup,0.61001297
wilths,0.550318241
wimelat,0.51212694
wirps,0.500076382
wisdening,0.611871114
wizer,0.592395479
wodgal,0.490309965
woller,0.563985181
woost,0.653557382
wootworn,0.449491359
worglers,0.448055523
woshbop,0.551277343
wothing,0.376341689
wreague,0.387467008
wroltres,0.379747467
wubes,0.562748882
xecoc,0.37128436
xecos,0.489585647
xedan,0.519883282
xeddish,0.438357147
xedi,0.624142939
xedin,0.452836113
xedo,0.457023483
xefla,0.515843637
xegan,0.515903947
xegman,0.484535019
xegna,0.469566882
xeken,0.458551556
xeli,0.554695972
xelman,0.489171031
xelo,0.551734563
xembies,0.51913988
xemi,0.58189334
xemin,0.4797968
xemix,0.555040488
xemmians,0.495960802
xengtho,0.421956701
xeotan,0.441135015
xepo,0.483664844
xepra,0.479107331
xepu,0.55904155
xequa,0.522821267
xeras,0.558101742
xesca,0.563036075
xesex,0.486751813
xesma,0.3986928
xesok,0.448968895
xesos,0.433770053
xetob,0.435575893
xetof,0.51790247
xetog,0.409380048
xetos,0.51461464
xetow,0.4619138
xetten,0.472024685
xetty,0.57180589
xexen,0.477664216
xmat,0.533876657
yabe,0.597044116
yary,0.680556242
yishing,0.680349084
yofi,0.64123279
youncing,0.588328528
yual,0.566436024
yunal,0.565963501
yupen,0.556489216
yuppea,0.561031603
yury,0.587923064
yusi,0.65560862
yuxwas,0.374044958
yuywas,0.533066323
zauze,0.501797655
zerow,0.461896914
zilk,0.548832407
zohels,0.47181183
zokils,0.513796863
