"","Word","Value1","Value2"
"1","abhert",0.473008567111,0.406491471803
"2","abhict",0.375453379116,0.47272332071
"3","acleat",0.583840096566,0.496627561077
"4","acmure",0.607353789627,0.597100888483
"5","acoed",0.526847407054,0.551517703863
"6","acoy",0.672534610605,0.604479407305
"7","acraw",0.549378791359,0.564706111523
"8","adeb",0.549145915983,0.631426250051
"9","adlor",0.503029310158,0.578899222936
"10","adpite",0.613181165593,0.407094701838
"11","adrord",0.551625929804,0.625210196173
"12","aercup",0.630321760886,0.606828546104
"13","aflo",0.66266626531,0.732131887789
"14","aflouse",0.545947173034,0.645349091223
"15","afruist",0.587026439794,0.585976632625
"16","aftot",0.631696536374,0.579138011503
"17","aftul",0.501220330068,0.556818756693
"18","afuke",0.479191046196,0.487733049165
"19","agind",0.531792522688,0.473321967285
"20","akiype",0.637654015084,0.568790955993
"21","akiyse",0.608703625416,0.558630469932
"22","akiysm",0.377603540473,0.475738641405
"23","alinch",0.596920884187,0.632008828807
"24","alproubt",0.425946599897,0.560604072119
"25","amesse",0.624372300196,0.50738016409
"26","amle",0.573883671565,0.698029894242
"27","ampgrair",0.470422349454,0.53718841508
"28","ancil",0.649262694202,0.617693167259
"29","anneenths",0.535061045012,0.610737360336
"30","ansey",0.520883723645,0.604503531708
"31","apeted",0.531905956322,0.524077509555
"32","apgen",0.611191221059,0.493663019723
"33","apgents",0.573360740519,0.628528228656
"34","apgert",0.420578340412,0.466014635455
"35","apgor",0.440564390067,0.459965151259
"36","apgra",0.492114631858,0.56405261742
"37","apjoled",0.4688946161,0.464507429732
"38","apjorm",0.521890236337,0.566076641331
"39","appite",0.696735725842,0.748295188398
"40","apuss",0.438397917026,0.394453327895
"41","areese",0.61366501145,0.501171167868
"42","arepent",0.490753763201,0.542780058341
"43","arfin",0.626486819647,0.450342969501
"44","arreges",0.391056078821,0.49278687074
"45","artaits",0.698383472053,0.620996137158
"46","aruds",0.434034751371,0.54108012796
"47","arvol",0.602180926997,0.601234141066
"48","arwarts",0.502922664705,0.288607427848
"49","asarps",0.412348647139,0.4951824721
"50","ascel",0.65867017279,0.701261102064
"51","atben",0.523603112185,0.540325458655
"52","atelecks",0.538855372922,0.530870238463
"53","atrur",0.453122332309,0.444537697746
"54","atryr",0.548779519171,0.489769349203
"55","atsty",0.53743962242,0.549049540826
"56","attice",0.658696702962,0.599267569162
"57","atux",0.557249385933,0.555406778002
"58","avoed",0.60930664657,0.496584400338
"59","avol",0.600452649695,0.577383699068
"60","awgits",0.472664939132,0.548252816971
"61","awslonts",0.54728878049,0.463905448918
"62","awturps",0.291612128962,0.425010862999
"63","axnur",0.402750086181,0.514769744343
"64","axswan",0.450986469164,0.468972584313
"65","axswe",0.370972759265,0.397921460799
"66","axude",0.5078938502,0.514257251955
"67","axwas",0.502460940668,0.375476914071
"68","aymupt",0.489109237383,0.428880635523
"69","baflew",0.575576133168,0.584277473639
"70","balal",0.396358068585,0.523186034828
"71","balrims",0.497533843143,0.487138775489
"72","bancid",0.291430826723,0.322344653732
"73","baper",0.545824982992,0.524817724498
"74","bapet",0.608619006056,0.547749991553
"75","bapey",0.42313638453,0.656475243369
"76","bapger",0.438973265722,0.473314695181
"77","bapgion",0.455348394843,0.501096094053
"78","bapgy",0.522671600538,0.557406470868
"79","bapil",0.594841601962,0.541652905864
"80","barought",0.561384190685,0.456801988655
"81","barrocts",0.463017628419,0.401447086166
"82","basaves",0.581242147704,0.47620979155
"83","bavelts",0.614702722815,0.544568259102
"84","baxswing",0.454970045189,0.479358814182
"85","bayfy",0.647329178714,0.616272280721
"86","beenish",0.63953138295,0.52833351743
"87","belorse",0.497230012624,0.476717349207
"88","belsot",0.549508381465,0.631095133634
"89","bengeer",0.419436861663,0.466676358022
"90","beplalds",0.450951837331,0.501478607722
"91","berroyed",0.424166369488,0.33403790899
"92","betby",0.670310138105,0.655950481774
"93","betrur",0.551685453548,0.474267647225
"94","bewfet",0.636179683757,0.48175809592
"95","bhubaxe",0.426355931796,0.412886386102
"96","bhuxon",0.455374941329,0.622974806277
"97","bicket",0.54708086235,0.502212418089
"98","bigurs",0.544083944708,0.468177030147
"99","bilming",0.528647726895,0.52417428528
"100","binmi",0.6668356331,0.670386509259
"101","bipar",0.523390866049,0.43945090514
"102","bipgar",0.613864785258,0.507558195535
"103","bipgead",0.53249726,0.40847919279
"104","bippen",0.521912013611,0.710889783695
"105","blabful",0.372762096892,0.527445448707
"106","blact",0.493190654144,0.494117975504
"107","blandron",0.426460826642,0.535589874944
"108","blasclumed",0.356315187335,0.414076163803
"109","bleezes",0.644744697717,0.598780957688
"110","blegjay",0.497384289402,0.509165939027
"111","blelshed",0.408100709168,0.378983496131
"112","blengely",0.355471979968,0.485950558947
"113","bloffs",0.474902591344,0.470089514702
"114","bluley",0.505447591342,0.595189603099
"115","blussoths",0.56353692763,0.565946069048
"116","bockoths",0.382661270349,0.432014445193
"117","bollcole",0.446711388644,0.522100121853
"118","bomden",0.486780397122,0.5979492435
"119","bonfles",0.64156424828,0.58056341702
"120","bonthome",0.628478908976,0.639958008794
"121","booselons",0.611417240432,0.568069800686
"122","boppies",0.692328051705,0.856168666588
"123","boshons",0.652512843626,0.661714290548
"124","boubty",0.575511799613,0.695477997378
"125","bouscils",0.504178663951,0.513325929341
"126","breafs",0.588995131091,0.452301719186
"127","bripgred",0.444716495657,0.452028573951
"128","brisps",0.525969603582,0.648053741174
"129","brubing",0.483046253045,0.493743418328
"130","buckthout",0.295036083422,0.405980797297
"131","buido",0.699127503017,0.564861817469
"132","bulpen",0.591502530076,0.506183342589
"133","bunsal",0.521684401798,0.375888547658
"134","bureer",0.433293377679,0.478233344766
"135","bursing",0.455517814568,0.556709020966
"136","butsling",0.457971357642,0.475886424378
"137","buvners",0.485504997211,0.580108578717
"138","byloin",0.419219496567,0.487055976228
"139","byloms",0.615748866518,0.569698238568
"140","caby",0.696787156777,0.670261915782
"141","cackhage",0.255166925173,0.417561570321
"142","calbiest",0.507556595154,0.636856523248
"143","caldness",0.384526869056,0.392383367935
"144","calow",0.534415256984,0.488241263433
"145","calwathe",0.498590893379,0.468995100379
"146","cameons",0.570346087096,0.565627150286
"147","camid",0.580676400792,0.627923216802
"148","campgree",0.617150489897,0.566881294546
"149","caplime",0.574943940508,0.663473719279
"150","carbeen",0.629594084782,0.784415362681
"151","carounts",0.585165132129,0.60460271542
"152","carvelays",0.564365058725,0.574500016831
"153","casp",0.559025367656,0.578300166349
"154","caub",0.572655018799,0.525360266317
"155","cavral",0.535560041201,0.629552497515
"156","caxnus",0.459733555609,0.368526843105
"157","ceatrings",0.505155639558,0.591720359548
"158","cecoat",0.59444528614,0.579195800357
"159","cecs",0.537652807328,0.593663242817
"160","cecur",0.456767709426,0.502109324681
"161","cefflier",0.575259608332,0.557116504199
"162","cegurs",0.58563503654,0.418644265412
"163","celve",0.504621379037,0.52699162648
"164","centy",0.57957818846,0.551687040354
"165","cestop",0.385721384575,0.46194381293
"166","chapefers",0.534964296023,0.618088990453
"167","charb",0.513114368738,0.562400339507
"168","chavot",0.666539321884,0.56768763547
"169","cherses",0.638537234906,0.647634300362
"170","chever",0.579657367395,0.617204946431
"171","chezing",0.504408691138,0.637057305912
"172","chiddy",0.714750575602,0.667860707315
"173","chlorted",0.477952437337,0.560223977481
"174","choleboard",0.373895321542,0.411140711328
"175","chrine",0.431383246314,0.431472144582
"176","chuessed",0.50647270689,0.616161145591
"177","chufo",0.652398558724,0.572996413944
"178","chulb",0.608959491556,0.440072980842
"179","chulle",0.692915595722,0.454257904862
"180","chund",0.399179051837,0.525127038045
"181","churse",0.444156062548,0.524105252083
"182","chussals",0.529574864523,0.553959789416
"183","chuzzer",0.580297848228,0.425109433832
"184","cibness",0.566340427028,0.543100821997
"185","clace",0.591993880914,0.6512659931
"186","clact",0.535639745257,0.494134863992
"187","claky",0.410900823284,0.532109032813
"188","clawbants",0.389036032391,0.405624971089
"189","cleb",0.515052038695,0.537641473854
"190","clebe",0.604829596318,0.497280332405
"191","cleete",0.423514397395,0.500824497112
"192","clesk",0.523799288821,0.462635660478
"193","clesp",0.463484314145,0.626344257889
"194","cley",0.650662447848,0.671546967444
"195","clinfler",0.425901890789,0.461945219753
"196","cloddener",0.374797111839,0.397389381734
"197","cloor",0.536772663633,0.537947490396
"198","coachgurbed",0.326027105032,0.390117058794
"199","coaxnine",0.261302194703,0.531788992717
"200","cobfic",0.491956573472,0.540607886689
"201","cobnies",0.567972266075,0.679467480654
"202","codhus",0.475920768537,0.506406013065
"203","cofew",0.471633253205,0.57508203769
"204","cofnun",0.396561200081,0.424237543312
"205","cofrer",0.579390551011,0.533675451991
"206","colboas",0.583199916576,0.397994421169
"207","coldibed",0.429626329505,0.465736956934
"208","collauce",0.389873256058,0.435819027855
"209","colpust",0.492562469647,0.388094561783
"210","combrince",0.509657638388,0.530203317887
"211","compake",0.680101558099,0.476034026043
"212","compesh",0.441840661727,0.550894149653
"213","compracked",0.354493087921,0.53111701216
"214","comwosed",0.531575762824,0.338620348964
"215","conchyls",0.386293087319,0.490619729336
"216","condeg",0.506790725296,0.378169430107
"217","congesnes",0.458296256442,0.458603894034
"218","congirds",0.493218943645,0.552736307815
"219","conmince",0.554434698192,0.536504666233
"220","connar",0.54077178799,0.577678898704
"221","connusts",0.387816251395,0.424268729418
"222","conshosts",0.429712057821,0.387035916881
"223","coopan",0.687010503025,0.452859515419
"224","copga",0.545669474238,0.465975484981
"225","copger",0.435988469761,0.513344080494
"226","copgies",0.49272065083,0.405823901661
"227","copgred",0.486458374813,0.47957290669
"228","copgy",0.503229006572,0.475318211867
"229","copicts",0.583798040606,0.484187376935
"230","corkner",0.618661803379,0.523832471057
"231","corrift",0.620812630074,0.609319900723
"232","corsoy",0.485152094418,0.564994011688
"233","cothaw",0.569151211849,0.448694836591
"234","couthstips",0.464873569901,0.5280877238
"235","cowdled",0.396306046853,0.443508748419
"236","coyryx",0.362393112899,0.397482382175
"237","cpar",0.560878227202,0.462617703402
"238","cracots",0.476358159304,0.486830776895
"239","crair",0.535422908022,0.495199776348
"240","cramney",0.379190054433,0.386217911524
"241","crangles",0.578102242804,0.386732524761
"242","cranser",0.464703102378,0.412303439113
"243","cratching",0.379064657177,0.397286331888
"244","crearking",0.275961586361,0.33856494524
"245","creely",0.384612587728,0.472464944874
"246","crewdly",0.339529258169,0.336930130967
"247","creycound",0.403239915931,0.501836552836
"248","crideles",0.450458510257,0.432011560457
"249","cridgepeads",0.30070781858,0.380102803943
"250","cridgers",0.38093980566,0.277208423254
"251","cridths",0.466228905616,0.507336708532
"252","crile",0.333086608805,0.497399071835
"253","croal",0.428280158975,0.455513869054
"254","crockack",0.348834926049,0.363991773821
"255","cruker",0.431213249542,0.351378343554
"256","cruns",0.47731622196,0.503130616972
"257","crutto",0.401143841656,0.525349033963
"258","cryps",0.384853080109,0.281292400864
"259","culboaned",0.358152306293,0.326463583369
"260","cundeans",0.373204617537,0.416070533632
"261","cupgal",0.510180697428,0.57693195047
"262","cutbroas",0.434047426149,0.35829879201
"263","cybrane",0.400662490699,0.500822950651
"264","cyclite",0.546856742439,0.618345688138
"265","cymning",0.536342264276,0.508318087341
"266","cyquanes",0.472610504676,0.499931258549
"267","dackly",0.580605821244,0.476707783274
"268","dagoul",0.40571983881,0.448452807643
"269","dalf",0.644439373835,0.506435267452
"270","dallead",0.378959246411,0.39625578588
"271","dalp",0.563983935568,0.489637060591
"272","danchunk",0.395453943103,0.502328444358
"273","dapgel",0.457650203096,0.55216650854
"274","dapger",0.459921230289,0.405706905662
"275","dapging",0.616955858723,0.463953324064
"276","daping",0.60415124075,0.478898467914
"277","dardpour",0.346948806201,0.444882602255
"278","dasarps",0.427005895578,0.411445625897
"279","dasetail",0.611745699646,0.54178102117
"280","dashup",0.598990496023,0.678918882275
"281","debty",0.320663201238,0.43851827081
"282","dededge",0.456631533802,0.314806407665
"283","deedlosh",0.476685816323,0.439439203159
"284","defoles",0.334907283284,0.414577199738
"285","defotes",0.451624011421,0.34001134912
"286","degaps",0.442380466487,0.350103299591
"287","degide",0.477848576408,0.315005923381
"288","dehosed",0.258756926874,0.27897757234
"289","deplarked",0.329766979763,0.420094811683
"290","depleare",0.351760003867,0.275478499344
"291","deplews",0.502004594251,0.555622638237
"292","depouts",0.437922671994,0.503190959674
"293","deprods",0.453113699319,0.433183546728
"294","deprumed",0.319091721517,0.222070723627
"295","depuds",0.467286023685,0.42532432558
"296","depursts",0.459654604182,0.386320914518
"297","deshey",0.513536997248,0.539539648158
"298","desombs",0.303844939983,0.405007619288
"299","despast",0.288856485013,0.37106873663
"300","desues",0.492033225665,0.477456210193
"301","desurps",0.3834760847,0.414895130187
"302","detilns",0.527149260905,0.486332313822
"303","devash",0.422060846248,0.377426883432
"304","dewshaps",0.471841279335,0.578803558693
"305","dezien",0.57864758332,0.601182887425
"306","dezil",0.465432663186,0.500712831122
"307","dezins",0.444090109269,0.492720324088
"308","deziss",0.534379810251,0.385139822194
"309","dezist",0.316295828001,0.329725120633
"310","dicicts",0.37882012581,0.493101780982
"311","dideles",0.442707391897,0.604656961358
"312","diferesce",0.447595254897,0.408160362048
"313","diffrorn",0.419589582591,0.352685811807
"314","digrechs",0.377006647634,0.299454583065
"315","digrelf",0.407302737517,0.495012384502
"316","dilthes",0.463514758568,0.384415237838
"317","dilths",0.410758459579,0.316466759381
"318","dilthy",0.311240664452,0.322203921752
"319","dimbprong",0.427395225392,0.38147316818
"320","dimians",0.443617249151,0.545973588466
"321","dipgred",0.40513444457,0.452451263379
"322","dipske",0.420963617106,0.408344741868
"323","dipuns",0.521894236754,0.495794179878
"324","direrbs",0.504301131537,0.529356655107
"325","diruke",0.440610832829,0.439331199277
"326","dirursts",0.428840510576,0.454197186955
"327","dirurved",0.423745125621,0.285916322264
"328","dischoyed",0.351351565001,0.26896702738
"329","disdauched",0.340595414346,0.366025738717
"330","disdettes",0.318472423482,0.332353336325
"331","disdorn",0.26898617809,0.237075058258
"332","disfroke",0.316434521622,0.310143273889
"333","disgraked",0.196401843258,0.27933843878
"334","disgraud",0.287666945491,0.25574536959
"335","disgroose",0.369030970163,0.244428804253
"336","dislack",0.326119596255,0.414775156044
"337","dislaists",0.376179384833,0.40905071388
"338","dislausts",0.319382150812,0.337595046467
"339","dislolls",0.512643364169,0.373612006006
"340","dispames",0.343774891238,0.46185149052
"341","dispreged",0.341199433259,0.206602122901
"342","disputs",0.212321687472,0.344332236709
"343","disrusts",0.25884099537,0.272952820742
"344","disspost",0.355936384389,0.340607946985
"345","ditheless",0.367844678068,0.282977573056
"346","divords",0.265758736044,0.175757963726
"347","divucts",0.394851240393,0.396543045692
"348","doelt",0.309676348399,0.503654192287
"349","doep",0.481293523887,0.497577514886
"350","dofis",0.633175233414,0.425584970595
"351","donco",0.555838869674,0.582126785081
"352","dondits",0.500157737517,0.51131300283
"353","donfled",0.379252947719,0.502577585597
"354","donfles",0.501356111501,0.579377773383
"355","donpled",0.437301629106,0.632240779822
"356","doolcrobs",0.453525950661,0.398872594629
"357","dortness",0.525943389562,0.333668185294
"358","doryls",0.509725043882,0.423828455138
"359","drapgash",0.334850656272,0.357873817908
"360","drockly",0.493390075372,0.519078015874
"361","drumess",0.578737521551,0.494909194418
"362","dullting",0.3294672525,0.35604499301
"363","dumfrings",0.352970905525,0.376406622525
"364","duntbews",0.383735080065,0.400282649023
"365","dupung",0.327590867681,0.34277814044
"366","dyish",0.390251485101,0.354804395077
"367","dymph",0.596633164127,0.444133202705
"368","ealm",0.613120907784,0.656034822337
"369","eament",0.490216520384,0.515167917204
"370","earsiews",0.450938198656,0.477762714647
"371","eashwands",0.48171445778,0.611603433181
"372","ecate",0.569118977179,0.476979767327
"373","edil",0.581288555966,0.500721065753
"374","edso",0.573848895418,0.632507005565
"375","edsows",0.512575131425,0.533495261109
"376","eemlid",0.46329923479,0.565140285222
"377","efel",0.634671634392,0.615950340831
"378","efem",0.552086411649,0.494804176238
"379","efut",0.533140460304,0.58398314274
"380","eilthetes",0.510754752967,0.548930568868
"381","eintrus",0.474080753051,0.49682124911
"382","ejoles",0.475398664666,0.555329776857
"383","ekeme",0.51068304275,0.513130001914
"384","elktess",0.494282015595,0.621406075556
"385","ellachs",0.531230073394,0.503510201291
"386","elptish",0.527354541709,0.683470766528
"387","eltence",0.593347814238,0.627751438675
"388","eltshia",0.548240108328,0.583547108414
"389","elurb",0.456683974567,0.469121977346
"390","emfess",0.451769640669,0.535021097963
"391","emild",0.624614622928,0.627630784097
"392","emperk",0.620363300714,0.637950477561
"393","enscenged",0.456530427648,0.455922518051
"394","envogs",0.509612224482,0.457104207897
"395","envone",0.590544221192,0.558273491606
"396","enzui",0.452134280591,0.550018681943
"397","erar",0.588581615185,0.493359020432
"398","erfig",0.529349129067,0.435098506452
"399","erfy",0.611792498759,0.56445990215
"400","erhess",0.564275921303,0.532469482517
"401","erids",0.527223349626,0.618734106776
"402","ermby",0.546025903059,0.688062869354
"403","eroves",0.574663801018,0.486684295197
"404","errords",0.373824252607,0.373660070788
"405","erual",0.390805872782,0.449680582665
"406","escharked",0.448336271381,0.423466266963
"407","esfess",0.596914168981,0.579017767897
"408","esjume",0.538293270749,0.522453041561
"409","eslood",0.491295615448,0.489796604374
"410","estherse",0.564309601886,0.482895806834
"411","estism",0.564527953771,0.562906337095
"412","etige",0.518747003328,0.596491294202
"413","etirt",0.543147040723,0.401737670332
"414","evede",0.462294515251,0.568523455223
"415","ewaw",0.519554011608,0.558192178204
"416","ewoche",0.527669936507,0.572860784913
"417","exbrafes",0.341957326953,0.372375832254
"418","exbrarb",0.346056957324,0.40635993197
"419","exfanks",0.408585986629,0.350910285961
"420","exfirt",0.420682266357,0.496705780842
"421","exfis",0.499585309706,0.493024945741
"422","exfo",0.452710011407,0.452454967907
"423","exgise",0.397224750447,0.407336970175
"424","exnal",0.328462891631,0.361006766002
"425","exnouse",0.29253790835,0.411545588821
"426","expia",0.535694806152,0.65098260622
"427","extrurt",0.403166871688,0.297171539749
"428","fabler",0.725287914094,0.645836529872
"429","fafled",0.521067166007,0.53792151478
"430","falm",0.616861340466,0.514168658195
"431","faloor",0.665400003025,0.621689126765
"432","famps",0.435343808582,0.53614825479
"433","fandede",0.609659459741,0.495618535396
"434","fanely",0.647610120044,0.641618827707
"435","fangeer",0.363069186829,0.56396505853
"436","fawis",0.678919255489,0.492451287016
"437","feading",0.532199568787,0.66192811564
"438","feartings",0.422665965635,0.296667654241
"439","febs",0.56213684104,0.574368435802
"440","febser",0.530331337241,0.437846171701
"441","fedee",0.63986225512,0.701447512376
"442","fedlones",0.437337042006,0.459944004427
"443","feechings",0.475065261462,0.554756578326
"444","feetbrates",0.467505797601,0.48256847244
"445","feightel",0.417033639332,0.54742775856
"446","felks",0.474701129849,0.598696736097
"447","fempa",0.598111080128,0.529849290401
"448","ferban",0.536193556648,0.498359232194
"449","festags",0.556155241897,0.409103133053
"450","fething",0.496143868924,0.429514711678
"451","fibhin",0.481453044924,0.415990299738
"452","fibire",0.66035957878,0.547945378125
"453","fibsted",0.446560379822,0.499343818076
"454","fidst",0.552629496808,0.496437019183
"455","fiffy",0.815184016617,0.696904237241
"456","filarm",0.487871256889,0.453565277865
"457","fimigged",0.395517191064,0.318737365967
"458","fivna",0.570202142532,0.486124244095
"459","fixfeen",0.624594444391,0.627074476578
"460","flackouns",0.328070567205,0.35408467697
"461","flacmate",0.439089461191,0.502958397942
"462","flandbons",0.432454646131,0.49028932056
"463","flandron",0.590114738088,0.494382927774
"464","flapgred",0.491306940049,0.564406536413
"465","fleminned",0.471166715447,0.4349612825
"466","flishen",0.605613077698,0.587753611522
"467","fliy",0.648607410354,0.65572706521
"468","floakly",0.496068323863,0.558186119305
"469","floal",0.694786537998,0.75620296494
"470","flofost",0.467314097796,0.554028951725
"471","flooners",0.718973698621,0.700360228856
"472","floovers",0.747249069383,0.691829917957
"473","flowesh",0.804555920266,0.721466211532
"474","fludging",0.431618221857,0.433541168956
"475","flukdides",0.292022046174,0.427889776389
"476","fluzz",0.680114956291,0.651166996196
"477","foadeyes",0.566194532483,0.353815066534
"478","foffrays",0.533720119294,0.646171232298
"479","foluy",0.418049385589,0.570650336796
"480","fordeats",0.378751012165,0.619198074171
"481","forepape",0.393282312963,0.431991163299
"482","forhol",0.474422704437,0.320528359147
"483","forklypt",0.469480046326,0.561672817784
"484","forual",0.588882448794,0.621056016585
"485","fosed",0.594942132317,0.562790304597
"486","fosels",0.607137184616,0.653739015385
"487","fosetuls",0.536016876064,0.461129388974
"488","foustered",0.36773358382,0.329343232476
"489","fowntuls",0.350582154298,0.447567967609
"490","fralode",0.415710428507,0.494667618457
"491","frar",0.543095388115,0.504098872498
"492","frarbed",0.429411533356,0.427360944765
"493","frarm",0.590104563531,0.673385340816
"494","frarthy",0.494969604386,0.564775281841
"495","freapt",0.574178117038,0.508755639349
"496","freardly",0.44007056967,0.377604159828
"497","freazy",0.529203592842,0.498607138984
"498","fubbar",0.704918340571,0.400166417427
"499","fugcar",0.344084228755,0.45619932967
"500","fukeer",0.228847629134,0.322310266689
"501","funts",0.468320573695,0.401632269454
"502","furgud",0.44802039521,0.428477585949
"503","furnpiled",0.385767022458,0.432995069082
"504","gafed",0.505329620064,0.341679889293
"505","gagtres",0.304967388625,0.333760529138
"506","galp",0.449723997999,0.448183834786
"507","gansest",0.426323080511,0.400311625481
"508","gapet",0.542282023179,0.569293632232
"509","garples",0.546946800211,0.400365741554
"510","garsons",0.632305621493,0.463973405427
"511","gashbooms",0.299517936908,0.42368444328
"512","gearl",0.551825771855,0.637841163461
"513","ghactist",0.363085235538,0.294705452173
"514","ghyps",0.345781472146,0.63385776812
"515","gify",0.615591055457,0.662367458265
"516","gign",0.59552571269,0.444405941585
"517","gimskand",0.344597086653,0.405410354937
"518","ginnies",0.614008868254,0.744796633492
"519","girm",0.374846014005,0.290411581854
"520","gisc",0.51033668592,0.506834079108
"521","gisk",0.541577829976,0.526621441586
"522","gixgaws",0.428182203582,0.499596229637
"523","glanny",0.596343624219,0.661080921799
"524","glelve",0.400071683741,0.566723229592
"525","glirehouse",0.605058399062,0.643038865154
"526","gloaks",0.5903344707,0.434074670888
"527","gnopi",0.515116641485,0.632084749223
"528","gnort",0.367460886054,0.330592681194
"529","gnud",0.50143229679,0.535163919756
"530","goep",0.485202981672,0.532042382898
"531","gomben",0.499825081733,0.468122795146
"532","gomsat",0.514765848523,0.443279436728
"533","goontier",0.508409066358,0.481834087782
"534","gouilhalls",0.447393015761,0.386785485235
"535","grager",0.504636427398,0.496370057859
"536","grelles",0.466624730054,0.434798422586
"537","grempes",0.393736667347,0.312074844604
"538","grendness",0.680121278411,0.483268149356
"539","gricking",0.303379623774,0.4709878077
"540","grinva",0.681229942553,0.44054124936
"541","groanfuls",0.22836386895,0.188821574665
"542","groilstone",0.228340329858,0.268664507537
"543","groosted",0.477258200831,0.409010945114
"544","gropness",0.363788604712,0.299156652449
"545","groultes",0.352673848696,0.38199724507
"546","guddre",0.605541837372,0.398992244932
"547","gurb",0.497251069107,0.426366104493
"548","guyber",0.599351207881,0.45075337402
"549","gypgrip",0.499964654494,0.354266222476
"550","gypgup",0.4419455297,0.535738990573
"551","habbled",0.409677216413,0.541159525017
"552","hact",0.574157762246,0.40304886178
"553","hastuck",0.425980794823,0.495524125335
"554","haxli",0.567736952125,0.633886971959
"555","hedly",0.58653960886,0.612988051118
"556","hicies",0.534709190716,0.499894621916
"557","hictades",0.375661735236,0.359551314777
"558","hijoned",0.646526950661,0.457387741756
"559","hildby",0.529412533241,0.58870912933
"560","hirries",0.578523005483,0.636454540533
"561","hiser",0.518400644462,0.498404884581
"562","hodgier",0.39209922882,0.468631695107
"563","hoeser",0.494951419103,0.540026388589
"564","holchoun",0.541550882506,0.4503817906
"565","homlead",0.716338516605,0.617033501274
"566","homptes",0.448657033177,0.370528026254
"567","honch",0.501994632104,0.604733359662
"568","hoober",0.65837037679,0.601175182179
"569","horfy",0.47351825683,0.414762375073
"570","hortuds",0.426291292671,0.364450320479
"571","hosetuls",0.391628560187,0.434921936643
"572","houthwills",0.561240141398,0.5128254379
"573","howlpifts",0.417728940994,0.340210295761
"574","hownab",0.536164722876,0.502389892457
"575","hufa",0.570167875267,0.621901791519
"576","hufo",0.446825165465,0.615844165249
"577","hufy",0.532031500332,0.466851909537
"578","hugey",0.685560709698,0.64131897016
"579","hukes",0.38336905163,0.421452255113
"580","humpiers",0.414103541026,0.488352753464
"581","hutby",0.601788833066,0.584933831883
"582","hutip",0.650712068925,0.576444600516
"583","hygcup",0.521101814597,0.589842242526
"584","iass",0.531109241141,0.602713482067
"585","ifry",0.55927702816,0.549615778379
"586","igla",0.676340173961,0.456973346831
"587","igly",0.304360719237,0.456340215572
"588","ikieth",0.537618969784,0.394002470618
"589","illweme",0.529135567569,0.502277660593
"590","imblock",0.415153479409,0.322128729071
"591","imblodes",0.299078790409,0.185078106502
"592","imbloles",0.439922513029,0.414877719147
"593","imbott",0.58053724986,0.384912953083
"594","imboves",0.469045581195,0.46494872155
"595","imbropts",0.365093734266,0.46179253847
"596","imbting",0.497882933618,0.358169212351
"597","imbuled",0.358189747104,0.380007268875
"598","imbyne",0.524578242421,0.391416435367
"599","immepped",0.386117585542,0.394144550351
"600","impails",0.19329780318,0.252680061163
"601","inchained",0.286575822914,0.312952653563
"602","incyps",0.428092617822,0.462476085541
"603","infeard",0.389542650532,0.297891637758
"604","infeart",0.298087637312,0.385761175631
"605","infeme",0.460393287615,0.456785690428
"606","ingills",0.549280122958,0.559899033642
"607","injaps",0.412142935909,0.528191499965
"608","inmead",0.622995502877,0.522608139607
"609","inquact",0.561918105802,0.427929095699
"610","insimes",0.395795335436,0.544909145173
"611","inswols",0.432351428102,0.469456273851
"612","invets",0.455065488696,0.67811219051
"613","invont",0.406243534396,0.476367558746
"614","irits",0.387398755085,0.634127567827
"615","isax",0.623396765482,0.504763339433
"616","ivosh",0.67111736808,0.480059667938
"617","jaloor",0.621434603992,0.5673509486
"618","japet",0.489988872141,0.544025209881
"619","japgine",0.493994109149,0.547115522741
"620","jarb",0.570273806872,0.497291614062
"621","jasp",0.533493150954,0.556904603026
"622","jawk",0.495630937507,0.512383256863
"623","jayunct",0.522602446415,0.501451276165
"624","jecrides",0.478678857841,0.373241872564
"625","jelms",0.679650795488,0.634575484682
"626","jerdint",0.462682533466,0.591516828557
"627","jerlous",0.419384084951,0.34958401006
"628","jessuls",0.584673613243,0.612232260563
"629","jilths",0.396993023923,0.473978635408
"630","jipping",0.394556940534,0.653010199402
"631","jirm",0.364503267033,0.325046375838
"632","jitting",0.552590480538,0.413219675539
"633","jodd",0.571094948178,0.521162770362
"634","jodry",0.603560366925,0.619637296927
"635","jogy",0.644068929461,0.645724402962
"636","jomeers",0.608962695998,0.524358308426
"637","jomsaw",0.349452839289,0.646183956283
"638","jonfles",0.539997224475,0.632263221604
"639","jonier",0.605300844199,0.680912336167
"640","josk",0.538460862821,0.52972431633
"641","jouse",0.660854148985,0.65018795844
"642","joygade",0.816203709963,0.74705779644
"643","jumbty",0.803773257943,0.627563539965
"644","jupsers",0.544901107687,0.61054628276
"645","jurn",0.411217821987,0.447429933527
"646","kangling",0.540172475483,0.499218938962
"647","kankmen",0.391020589687,0.383923757454
"648","kedges",0.476919329519,0.5217585885
"649","kepgote",0.405726327465,0.42339024277
"650","ketkin",0.54276433939,0.595268639012
"651","keve",0.565636984626,0.650514524683
"652","khars",0.457992954518,0.533315058539
"653","kibid",0.618107606359,0.689201748935
"654","kittings",0.741593640678,0.692257104326
"655","kivs",0.569070840604,0.618504321085
"656","knackets",0.580596889338,0.554380012045
"657","knibe",0.40563052135,0.393221820978
"658","kniln",0.472781981844,0.543478810424
"659","knilques",0.422094011731,0.366047921246
"660","knimly",0.664493317634,0.612451083775
"661","knist",0.589050538755,0.500039910744
"662","kockals",0.52438009414,0.338581445604
"663","krennix",0.569590829531,0.525294196046
"664","kritched",0.434203484584,0.360074009546
"665","kuldies",0.579852777476,0.638058760089
"666","kusgrels",0.423594258318,0.325465275785
"667","labtered",0.431995169405,0.397353866683
"668","lagobe",0.590476816812,0.535295495509
"669","lalal",0.777377590521,0.735150959245
"670","lalktost",0.521027124116,0.434960439539
"671","lambeen",0.616529717061,0.652180976327
"672","lanja",0.597747012332,0.680106228371
"673","larwan",0.551461500207,0.511544352752
"674","laryl",0.527281264133,0.530482975255
"675","lault",0.618432885718,0.632154051174
"676","laxfel",0.460534863638,0.444024874219
"677","leabup",0.566035350548,0.590263928234
"678","leboss",0.508734943195,0.392105225824
"679","lebost",0.537337571727,0.467860120055
"680","leging",0.518661777633,0.610483806913
"681","lelk",0.558049587274,0.618736671543
"682","lestest",0.41618528178,0.476279744471
"683","levrees",0.539380092571,0.49169411807
"684","liflo",0.661870073217,0.602732745345
"685","lilgite",0.612532841485,0.502517686078
"686","lindedes",0.537953326759,0.668973470739
"687","lintres",0.441354381739,0.61172748956
"688","lipgre",0.587242525143,0.475787066293
"689","lipgus",0.634746158228,0.352152008729
"690","liptie",0.490968396263,0.510840236352
"691","lirlest",0.507017580307,0.534504102032
"692","lisy",0.672553571496,0.705714095314
"693","litple",0.577820199422,0.539046945961
"694","lixics",0.566960307993,0.635794695059
"695","lixthless",0.227613902666,0.363410506779
"696","locin",0.596120592176,0.500854120674
"697","loduy",0.539501758389,0.531140253657
"698","loindroin",0.441777226451,0.51764369802
"699","lokier",0.601801202807,0.574931314749
"700","lomosts",0.447018863052,0.381039255742
"701","lootmork",0.460197325612,0.562949071982
"702","lopber",0.444088866078,0.607285898021
"703","lopgo",0.530060114989,0.580061038448
"704","lorsor",0.503448859076,0.477717757375
"705","losiave",0.462766346081,0.539714380154
"706","losish",0.647239725781,0.435413405978
"707","loubts",0.397527032009,0.423791299119
"708","lubo",0.538093425149,0.601150828292
"709","lunchlill",0.4756465706,0.647666873463
"710","lurb",0.540895343711,0.56425863835
"711","luys",0.54679359297,0.539585819912
"712","lylik",0.646047821973,0.599381940938
"713","lyll",0.613572813269,0.537904088583
"714","mabfie",0.554927135799,0.592794917252
"715","mabhew",0.500035444928,0.500219207669
"716","mabhey",0.547738759978,0.544328064349
"717","mabio",0.633455293212,0.552049376753
"718","macnyl",0.412033943435,0.471072224289
"719","maddage",0.494849002317,0.408056216954
"720","maifs",0.503846647827,0.593948807416
"721","maistes",0.455273969955,0.488189713931
"722","mambs",0.56858879654,0.580052308886
"723","mamled",0.468326887504,0.368543511411
"724","mampen",0.474080809013,0.493489260795
"725","mancmer",0.382839367874,0.469668059206
"726","mannours",0.578703669373,0.646254349672
"727","mapge",0.492467181536,0.54104880198
"728","mapger",0.455469186756,0.481606425627
"729","masp",0.504722403405,0.489507542334
"730","matben",0.429747070505,0.49538142519
"731","mavel",0.774707643122,0.615240913141
"732","meaf",0.603975841103,0.431683571
"733","mebyl",0.489978339782,0.50543751549
"734","meetier",0.524213762084,0.571365509336
"735","meywas",0.548311165601,0.565861988616
"736","midsteps",0.547678135196,0.586922167134
"737","miek",0.562000048115,0.582684455433
"738","miet",0.615658250142,0.600465396007
"739","migrechs",0.438087119914,0.408589197291
"740","migremns",0.449662448972,0.283153279893
"741","milmeged",0.406302416577,0.506090754522
"742","milys",0.681336358032,0.637612799111
"743","mineg",0.615682149346,0.587446996891
"744","minnip",0.709266979622,0.604650162495
"745","mirdbop",0.522745499079,0.495310626122
"746","misdalds",0.373282454934,0.445930325457
"747","misdarms",0.310022803794,0.296496952313
"748","misdels",0.373791815384,0.455291480429
"749","miseau",0.485509208154,0.591816821951
"750","miskips",0.31969234888,0.516935435892
"751","misnels",0.590048845082,0.491645398324
"752","misnil",0.495135681453,0.531025802925
"753","misnive",0.343094595097,0.468905492819
"754","misnyps",0.439335625361,0.311851150249
"755","mispleged",0.423727804693,0.335478673522
"756","misplirds",0.389251676162,0.525730831252
"757","misprolls",0.407979941176,0.349073490223
"758","misqualt",0.356894428097,0.364813529404
"759","misquirds",0.349912308046,0.277356541044
"760","misslites",0.464806730723,0.388951388077
"761","missols",0.43201064965,0.436628533577
"762","mistrecks",0.424789823359,0.416377391481
"763","mixea",0.607229370879,0.616600519787
"764","mobort",0.464817715292,0.356734774009
"765","mocys",0.510261032022,0.556203425322
"766","moglede",0.349140476151,0.468576047408
"767","mointents",0.567167813573,0.559057962039
"768","moitis",0.42388747996,0.524499144982
"769","molltents",0.376636585733,0.388987378009
"770","mombfure",0.470312771295,0.378270251975
"771","monpleants",0.502913055426,0.451503875131
"772","monsmal",0.406161631131,0.643442618192
"773","montein",0.608408684863,0.584286086756
"774","mooge",0.644477832577,0.620972621606
"775","mopial",0.467391973865,0.474531654104
"776","morkfure",0.346336632903,0.350847944586
"777","mosicised",0.361251456318,0.378665978449
"778","moung",0.49327427357,0.427873188428
"779","moungern",0.218692826901,0.39684180542
"780","mouno",0.541142194886,0.366664610434
"781","mousaw",0.468809053178,0.5006098097
"782","moyca",0.518675725775,0.6771264853
"783","muester",0.49607727014,0.614684683108
"784","mujok",0.384957939411,0.443714516179
"785","mundats",0.366878060587,0.445292473089
"786","muplids",0.460186904108,0.50432869281
"787","mutolls",0.400968168074,0.398647367227
"788","mutsles",0.440643294651,0.512414822023
"789","mype",0.591525093396,0.647826648396
"790","myrry",0.688540530849,0.49539315885
"791","myvet",0.498342722988,0.615352951956
"792","naaclon",0.435331049334,0.513943093424
"793","nabat",0.577936207818,0.500899185676
"794","nact",0.526154967126,0.60932232808
"795","nacty",0.41666652663,0.340259998459
"796","namb",0.643106859513,0.495109821833
"797","namters",0.508146976348,0.469499445642
"798","naoade",0.524954632005,0.404253086049
"799","narrause",0.415774502663,0.453983412186
"800","naslepans",0.413960817851,0.37449361871
"801","navol",0.541278144032,0.558712954115
"802","nedukes",0.495230171946,0.473517461228
"803","nermast",0.405260730936,0.558118461984
"804","nertal",0.527129394048,0.423225545617
"805","niaps",0.619189040263,0.532764113821
"806","nibe",0.598229246547,0.594846013373
"807","nilthe",0.428589180669,0.546915221602
"808","niltres",0.446872812851,0.465418872341
"809","nimdad",0.398024305721,0.480192258249
"810","nipgred",0.406342084582,0.405267603421
"811","nirthquess",0.390273899517,0.454358165385
"812","nivny",0.543070076101,0.647091131252
"813","nixny",0.557079939301,0.501586545045
"814","nodills",0.587181325316,0.531510009492
"815","noep",0.57595576267,0.431639489803
"816","nokists",0.535362844491,0.429291095112
"817","nokly",0.627164148862,0.649256867049
"818","nokra",0.474185001949,0.361195910891
"819","nollpins",0.55529642561,0.479196934201
"820","nolve",0.575318507806,0.636724520494
"821","noopness",0.518108297065,0.474459769068
"822","norttag",0.499622527538,0.465482489963
"823","nospese",0.40544342664,0.488511037635
"824","notbed",0.508073462123,0.381310251381
"825","nouble",0.533799130732,0.550733603795
"826","noup",0.560737645031,0.506810785333
"827","novra",0.675242314272,0.659292902971
"828","noxfees",0.475421793958,0.454210393786
"829","nuct",0.501685488208,0.387859725312
"830","nugcouse",0.376183069909,0.453850082644
"831","nuisills",0.405411929208,0.499910069108
"832","nunk",0.300076281824,0.49796539766
"833","nupleil",0.626033850787,0.404497195801
"834","nurdres",0.465899718245,0.499640485073
"835","nusgrell",0.459111995547,0.410543033692
"836","nutbrill",0.644624045422,0.596900131283
"837","nutgres",0.457741426657,0.534707768522
"838","nyps",0.534984448921,0.527695782088
"839","oamless",0.338715644091,0.440430179344
"840","obsledes",0.39740459219,0.411656667549
"841","ocised",0.393367958438,0.488460612833
"842","ojosh",0.565436879425,0.493409834815
"843","onbund",0.596573952496,0.632589588488
"844","onfless",0.581544971656,0.444258020961
"845","onots",0.470712148968,0.459176435373
"846","onstrang",0.507485774019,0.374640154678
"847","onup",0.640823107757,0.506314668264
"848","opgeans",0.655328809179,0.506370777649
"849","osner",0.591490917472,0.538768974462
"850","otstruke",0.408368591981,0.378208693
"851","ottruds",0.458376819947,0.424732415286
"852","oubnest",0.549023615987,0.450153262942
"853","oukol",0.489322719295,0.615080405897
"854","ounza",0.413222636838,0.612885710133
"855","ovaft",0.516322031822,0.635082944661
"856","pacous",0.437165592038,0.500449918136
"857","pafi",0.495930233389,0.592310659551
"858","palpes",0.639874147469,0.473131536024
"859","pambfip",0.525053022762,0.540707312104
"860","pamet",0.61708618664,0.587379005864
"861","paobe",0.566147710247,0.526393177496
"862","parb",0.513461750976,0.5066175592
"863","parmly",0.750537311305,0.654575132007
"864","parseak",0.555172708919,0.503172455864
"865","parthbex",0.428461502773,0.570288892225
"866","paselem",0.450082709631,0.578719596824
"867","pathly",0.612864045889,0.713805411539
"868","patmy",0.687107141586,0.60137105831
"869","patpard",0.512913736465,0.511236129654
"870","paughels",0.496913851471,0.571966280913
"871","paythy",0.570547592072,0.617153537212
"872","peasetice",0.563823206808,0.624957329325
"873","pebgred",0.422881497192,0.461365250475
"874","pebgring",0.53312496912,0.413448985026
"875","pebi",0.663756879317,0.597206794343
"876","pecle",0.594226857868,0.462155542579
"877","pecly",0.587738073319,0.431553617932
"878","pectoun",0.438514508881,0.540522748058
"879","pedtail",0.475729031068,0.499904516297
"880","pegen",0.598465847032,0.534677464093
"881","pegie",0.451279212333,0.599879201432
"882","pegoa",0.616184814482,0.627128322757
"883","peisels",0.593892460497,0.497357797392
"884","pemy",0.525494422772,0.64894138933
"885","penarn",0.495897316334,0.538163566314
"886","penching",0.494826162731,0.458068569854
"887","pentirs",0.406726905538,0.497274784349
"888","peok",0.599854961346,0.593154192055
"889","pepioes",0.607060100065,0.553276509607
"890","petly",0.625261659684,0.684053240887
"891","pewbin",0.530181817949,0.495732501291
"892","pewn",0.528043635984,0.486292465212
"893","pewt",0.52521270215,0.539122274711
"894","phame",0.640928352961,0.602597942581
"895","phigging",0.507426509732,0.38553108734
"896","phrace",0.604348173173,0.671115159681
"897","phratted",0.396521007684,0.421111368551
"898","phyheak",0.399976623551,0.361923377498
"899","piedy",0.586317564188,0.637295594729
"900","pilked",0.493928356999,0.47115225743
"901","pimpen",0.5711601956,0.530562671919
"902","pipid",0.706617790878,0.655876896718
"903","piteer",0.594200594319,0.563631607286
"904","plailtinch",0.451321856868,0.476755023925
"905","plarched",0.489417058201,0.395139714687
"906","plawen",0.446893417633,0.591753883849
"907","plazzed",0.738542075281,0.58480749925
"908","plictrups",0.534428204075,0.443675444035
"909","pliming",0.529752911549,0.531421797136
"910","plinches",0.504077952977,0.41062203518
"911","plirled",0.567339325515,0.443492910521
"912","plording",0.526195468447,0.373902574173
"913","plotsy",0.652000974902,0.466025030785
"914","ploused",0.517640438004,0.562483018856
"915","plussard",0.492181136855,0.512238603582
"916","plyglyss",0.467521206283,0.463783810309
"917","plynching",0.309601532441,0.373863716391
"918","plyten",0.536381329468,0.526656796525
"919","poarsy",0.42618970436,0.380506327314
"920","poblets",0.565603782841,0.419757054148
"921","pockatz",0.415178954251,0.500932356921
"922","pofflat",0.491105622194,0.441939177023
"923","polif",0.419212322555,0.52810983218
"924","ponatch",0.568691863778,0.587690380731
"925","ponawls",0.499874402634,0.456428720957
"926","ponfla",0.539088917051,0.634835711343
"927","popend",0.608802786909,0.746500673823
"928","popese",0.552273508415,0.567837762177
"929","popging",0.522533903038,0.498879375164
"930","postord",0.547691418218,0.440280532698
"931","potko",0.658152192661,0.525701878846
"932","potmers",0.527005330554,0.503660178377
"933","pounts",0.447674802777,0.528913271704
"934","povels",0.44868091568,0.493971825342
"935","povers",0.565849706795,0.428957434264
"936","poves",0.658476216524,0.515690183644
"937","povya",0.670039632681,0.577349122346
"938","powzed",0.46038150502,0.637363695082
"939","poyings",0.503667695289,0.627210521608
"940","pradging",0.44990613147,0.494788327477
"941","pralse",0.592220117193,0.662905964716
"942","pramboos",0.56386188916,0.570907211823
"943","prean",0.650146261829,0.662194312276
"944","prearking",0.466422358105,0.501546529038
"945","prebupt",0.39476498494,0.358918588389
"946","precoys",0.579767496097,0.634885871116
"947","preemful",0.518031044422,0.665432708463
"948","preepy",0.513745142257,0.538711231329
"949","prefting",0.573716445284,0.544695682859
"950","premiege",0.659955262975,0.67026042239
"951","premp",0.561515418281,0.598172200111
"952","prepond",0.530877054907,0.603435457449
"953","prerchy",0.615479550219,0.453412245866
"954","prib",0.547934359714,0.553111296528
"955","prily",0.512404831171,0.54420590046
"956","prirt",0.548972836607,0.403382974484
"957","procians",0.525085856126,0.399870784737
"958","prockack",0.339695830175,0.378211302745
"959","prockils",0.454205433081,0.478183641284
"960","propeaned",0.517121501041,0.463611269633
"961","prummered",0.408989893572,0.405742664614
"962","pruncils",0.568551430956,0.490560813854
"963","pseuding",0.493791034304,0.558642668724
"964","pubrel",0.471645229054,0.46230190536
"965","pulates",0.525740946461,0.456795575544
"966","punsies",0.63877201974,0.593020118995
"967","punstack",0.57179425123,0.557346393223
"968","puntol",0.404448909548,0.48061040006
"969","pupgar",0.604194796763,0.647328279362
"970","purbits",0.474891165915,0.515842750058
"971","purfuced",0.252751085073,0.417261957354
"972","pusthin",0.384737955781,0.548579226853
"973","puychers",0.402524860514,0.5715255906
"974","puyfred",0.255004122016,0.30722677028
"975","pycran",0.448113288052,0.549347178953
"976","pydin",0.548449131409,0.491507765282
"977","pyniack",0.485630373927,0.429784845206
"978","pyniale",0.507834695562,0.515260488922
"979","pyniard",0.453760194125,0.492425973705
"980","pynprus",0.438646361818,0.484380355222
"981","pynskus",0.463377577964,0.426233854603
"982","pysby",0.366906629087,0.639436920315
"983","quimners",0.621958844483,0.574632601239
"984","radret",0.579111125332,0.421227937631
"985","ragtif",0.48633613586,0.41187724571
"986","ralein",0.473081475301,0.539454054883
"987","ralp",0.415123858781,0.475697934769
"988","rampnit",0.409326287669,0.410322358478
"989","ranooned",0.636149052013,0.590464861882
"990","ransede",0.384236575336,0.449889782928
"991","rapwring",0.43997693457,0.464310945323
"992","rarb",0.557353376356,0.463974775837
"993","rareme",0.554830321054,0.672104253399
"994","rargo",0.631694238746,0.572852336424
"995","rattels",0.528457801634,0.566125015915
"996","ratux",0.38202044552,0.537071437609
"997","rauds",0.486331137756,0.486094109941
"998","rayor",0.700094779628,0.493408903762
"999","realan",0.524915475664,0.5939584616
"1000","rebio",0.600234134365,0.497782271068
"1001","rebrites",0.603826715057,0.627211047831
"1002","reclomb",0.438496831242,0.575760958789
"1003","redrel",0.528105592535,0.552587625904
"1004","reduls",0.524194079497,0.472200458504
"1005","refamb",0.468319267412,0.524041578132
"1006","reglief",0.706172462848,0.649892136625
"1007","rejawed",0.316103621335,0.393758827247
"1008","relocts",0.454657036521,0.593474908996
"1009","renute",0.534692288453,0.622628134998
"1010","repcor",0.521743215069,0.535844601709
"1011","repebs",0.519218735451,0.453486165447
"1012","repove",0.535052300858,0.502499034802
"1013","rerake",0.615048535047,0.379811476795
"1014","resapse",0.401454459825,0.242703229704
"1015","restood",0.537175926943,0.616122874444
"1016","restruke",0.369061372564,0.460441388622
"1017","resule",0.576047150365,0.571490910298
"1018","revrete",0.631905524574,0.540415945112
"1019","rewbor",0.564294701733,0.631911214658
"1020","rewik",0.403115087803,0.574010959542
"1021","rhizave",0.467467468769,0.53145624876
"1022","ribnier",0.52893486135,0.592660358623
"1023","riegles",0.495873370209,0.447489170496
"1024","rirnian",0.578142497243,0.583493710109
"1025","roachup",0.226022651974,0.187506709208
"1026","roafen",0.378802438693,0.555636029445
"1027","rolas",0.598229302368,0.616981272507
"1028","roosstep",0.683813538517,0.426017211222
"1029","ropger",0.407131805492,0.525965377981
"1030","ropgred",0.387101626856,0.411006329943
"1031","rorl",0.589357084942,0.494962473574
"1032","rorsts",0.403111173905,0.453522877503
"1033","rotger",0.540547906231,0.433338634582
"1034","rubnies",0.563546226699,0.654018931199
"1035","ruckgroof",0.356691611671,0.465194668203
"1036","rumbness",0.5180552344,0.377108730289
"1037","runcils",0.392373702282,0.642881765799
"1038","rurb",0.506964026948,0.590564754537
"1039","ruscet",0.539927763149,0.538234192729
"1040","ruxgle",0.444651206442,0.299399769158
"1041","sabued",0.493742577463,0.468056073906
"1042","sabuged",0.42160284849,0.432153207223
"1043","sabuy",0.6498741476,0.559379620688
"1044","sackthoks",0.378560026592,0.316571145541
"1045","sakply",0.489856354834,0.585048725137
"1046","saky",0.612755245549,0.764314128153
"1047","salcees",0.535362268256,0.538231109899
"1048","salgy",0.5436290791,0.313112854495
"1049","sallspoid",0.420809237619,0.576787257978
"1050","samry",0.597748855312,0.679504348481
"1051","samuy",0.608325067121,0.553549139637
"1052","sarian",0.589744018902,0.668849959981
"1053","sarmly",0.669404322452,0.616831671157
"1054","sarmo",0.529959128258,0.501560642727
"1055","sarmy",0.394288626664,0.446029031643
"1056","sarty",0.416285335115,0.458889451559
"1057","satbe",0.54375555846,0.469655377934
"1058","satly",0.495710297022,0.538199640165
"1059","sayors",0.626373282056,0.462346428532
"1060","scantawls",0.449403403792,0.311924845016
"1061","sceggres",0.396773191417,0.382983661917
"1062","scere",0.520244259413,0.478998169459
"1063","scerny",0.471583735731,0.538517321959
"1064","schoying",0.407100557153,0.372596075897
"1065","sciller",0.533469047258,0.498398941783
"1066","scispre",0.544820565987,0.386311746583
"1067","scrule",0.326007985119,0.297924617348
"1068","scruped",0.437996672359,0.460208625754
"1069","sculps",0.535741118677,0.577633233188
"1070","seave",0.57878787703,0.624442696554
"1071","secruds",0.409823112554,0.423794263337
"1072","sedsom",0.447931795959,0.524529037941
"1073","sedtaps",0.477064117503,0.468429955888
"1074","sefen",0.595701347292,0.521619635681
"1075","segrance",0.589997813457,0.522038181784
"1076","seniule",0.46329478796,0.464526266605
"1077","septen",0.512584808103,0.574879217487
"1078","sevu",0.675313076256,0.508041961206
"1079","sewel",0.568654265406,0.533140333334
"1080","shalders",0.500595624214,0.481568144109
"1081","shalicts",0.491694387497,0.36312273776
"1082","shalid",0.466929058112,0.487226178519
"1083","shaulty",0.443362710958,0.341155005665
"1084","shedels",0.471756418878,0.447012449501
"1085","sheights",0.411979594649,0.463866776752
"1086","shickyand",0.457096587905,0.452607597637
"1087","shipgruck",0.212571121721,0.238544594975
"1088","shirm",0.582173435038,0.504530859259
"1089","shockils",0.392034287608,0.378750796974
"1090","shonchos",0.557322451286,0.564351516242
"1091","shooply",0.740720710444,0.621626930566
"1092","shopial",0.739625699963,0.602263399781
"1093","shorgers",0.445018548544,0.416800037642
"1094","shorgled",0.494320764717,0.438076028703
"1095","showl",0.474614714903,0.386182822716
"1096","showzest",0.720289012857,0.679878585537
"1097","shremmer",0.634033878409,0.46918020872
"1098","shubdoids",0.40990603249,0.33893262958
"1099","shubdoint",0.422281930906,0.644412291398
"1100","shustier",0.527830408523,0.501197218492
"1101","sibit",0.54691100302,0.602603655836
"1102","sibre",0.568264750721,0.679439050616
"1103","sifed",0.458426941981,0.561814950612
"1104","silths",0.462378420802,0.455646037627
"1105","sipad",0.50194538171,0.5778742482
"1106","sipal",0.535752128624,0.610710912483
"1107","sipot",0.473878602815,0.52659936437
"1108","siseals",0.577511395174,0.608178020652
"1109","sivicine",0.42929035361,0.595065793681
"1110","skaxness",0.444329165298,0.426923005492
"1111","skeb",0.511135512792,0.376521282749
"1112","skeded",0.521248235654,0.43183458948
"1113","skibfy",0.479596268837,0.516163941744
"1114","skiyr",0.607664799939,0.566591703715
"1115","slairles",0.492255904,0.418601230339
"1116","slakh",0.437605168399,0.538444362466
"1117","slearting",0.475052598434,0.363447360307
"1118","slifting",0.387488297346,0.53467864455
"1119","slod",0.316763598393,0.259617465673
"1120","slonients",0.518079695974,0.413421570819
"1121","sloursless",0.221073797548,0.336551755833
"1122","slouways",0.457839725932,0.401874600682
"1123","sloying",0.369965306643,0.364835843246
"1124","sludgers",0.297264444923,0.17396048662
"1125","sluses",0.599053138841,0.552512631435
"1126","smaggered",0.410197370781,0.363224940053
"1127","smamps",0.419201735845,0.536033532532
"1128","smapsick",0.449645398165,0.4706186389
"1129","smeasasts",0.45707731259,0.333080631936
"1130","smerding",0.483361213262,0.403715151828
"1131","smocy",0.524936486232,0.545520167727
"1132","smustcap",0.324169491574,0.493522034306
"1133","snabbled",0.504108838516,0.396491422721
"1134","snallox",0.382787219081,0.408778504348
"1135","snidness",0.230920339464,0.362500950005
"1136","snools",0.629509957892,0.484817264347
"1137","snukebise",0.453910194917,0.393774347676
"1138","sobmered",0.332038068688,0.471669692621
"1139","sobsiers",0.406836336883,0.426672128081
"1140","sodet",0.55570634316,0.551850774699
"1141","soduat",0.525732425802,0.448034406195
"1142","soglings",0.354197752142,0.357456177695
"1143","soniel",0.599938800075,0.713043329157
"1144","sonples",0.632483157086,0.457032068539
"1145","sonx",0.637495300149,0.56557680917
"1146","sopger",0.562214647563,0.578645115728
"1147","sorquom",0.46079030358,0.437189147912
"1148","sorrips",0.55644233726,0.543453126631
"1149","sowesh",0.491121663886,0.468133837237
"1150","sowly",0.465636036984,0.530871039654
"1151","spackmalk",0.533041873063,0.406832094632
"1152","spanscer",0.530478625399,0.480806745969
"1153","spapscing",0.493063252534,0.435617111548
"1154","spearn",0.459520234119,0.504648043726
"1155","speathlier",0.598584264019,0.458672599491
"1156","spechy",0.547262563823,0.548881387017
"1157","spever",0.537446940195,0.453864916736
"1158","spevs",0.497378092439,0.535368401936
"1159","spibfy",0.608271601817,0.5840695212
"1160","spiekes",0.384566223952,0.396341707743
"1161","spillstones",0.538303071988,0.514686298796
"1162","splanium",0.465773393436,0.493615351767
"1163","splil",0.491711611358,0.557637046162
"1164","spombful",0.542295221912,0.423206116111
"1165","spowen",0.574833466268,0.47146018491
"1166","spoying",0.497641618767,0.545776909529
"1167","spreated",0.524754656412,0.494645841156
"1168","sprilt",0.571846636498,0.675625719833
"1169","sprinkays",0.743674715768,0.711079032754
"1170","squazzing",0.526522607699,0.545099396516
"1171","squerding",0.325502545613,0.457157841987
"1172","squeshotte",0.330189228827,0.509703654775
"1173","stangcays",0.499176408357,0.432724914151
"1174","stashgys",0.460236417571,0.399240740623
"1175","stazz",0.646886450058,0.665942499065
"1176","stearvast",0.538557744829,0.519102557164
"1177","stedbled",0.381805167323,0.391808153165
"1178","sterty",0.565179219918,0.532375555858
"1179","stonzed",0.52987533317,0.622366383681
"1180","stosead",0.496422935234,0.581577677376
"1181","stralser",0.602259624917,0.443890076225
"1182","stramy",0.594983753303,0.479508771987
"1183","strardles",0.517793152855,0.466496999626
"1184","straughtecks",0.289785558102,0.343173620163
"1185","strautchexed",0.167904241056,0.374660213884
"1186","streller",0.699376417365,0.664493140031
"1187","strukes",0.41644334787,0.40758907057
"1188","strur",0.492255972818,0.457309418165
"1189","sturorm",0.478711670765,0.356399796145
"1190","stutpons",0.481547867432,0.471566573038
"1191","stybee",0.495417123201,0.615510809965
"1192","styvos",0.557348024139,0.585489280343
"1193","succempts",0.57583528524,0.437287375859
"1194","sugcay",0.627448448098,0.579873025912
"1195","sugjucts",0.298033479795,0.41998626233
"1196","sulfit",0.55535279235,0.467937923249
"1197","sumbest",0.485000907458,0.724550701674
"1198","sunweem",0.620993674685,0.706669511149
"1199","supgry",0.429087347583,0.541974640372
"1200","supmeons",0.467241392246,0.637660648621
"1201","suppald",0.507521229387,0.625830252014
"1202","surfoths",0.474866530254,0.496103131674
"1203","sursawed",0.355825168427,0.416575612361
"1204","sustium",0.480065939129,0.63116659636
"1205","suswects",0.313228224791,0.312944531312
"1206","suyural",0.467689081219,0.66168397703
"1207","swact",0.51034790456,0.497001695547
"1208","swarting",0.441664584108,0.395744572881
"1209","swazzing",0.66968071391,0.490768323231
"1210","swilths",0.537667054353,0.437138207706
"1211","swimacks",0.613416188594,0.434914312006
"1212","swirps",0.693023600462,0.578582086338
"1213","swisfy",0.651498989888,0.720059395418
"1214","switchcraps",0.344595912392,0.251244977283
"1215","swolls",0.507530632093,0.502416080712
"1216","swund",0.609083856493,0.582439046994
"1217","sybfians",0.452789064005,0.533689370032
"1218","tadtens",0.469200940217,0.540475666356
"1219","taftly",0.668907608207,0.637432152355
"1220","tambtul",0.426513565754,0.430791842111
"1221","tamstreng",0.449353533149,0.312655410016
"1222","tarchless",0.421398215297,0.280845346847
"1223","tardled",0.337140651623,0.449051951897
"1224","tarving",0.476767270313,0.437851725801
"1225","tarvos",0.373996317938,0.480820504456
"1226","tarvul",0.572573731134,0.463567012131
"1227","tarwis",0.524838754904,0.493927049537
"1228","tarxest",0.344287006533,0.357321710247
"1229","tarxi",0.535940989051,0.496953880404
"1230","tasp",0.645027492331,0.536595350379
"1231","tatchhey",0.48329550613,0.500826995105
"1232","tathpoy",0.521091402338,0.601739720125
"1233","tattenipts",0.421288311493,0.420729646402
"1234","tattoubt",0.41578991206,0.541947756629
"1235","taxpors",0.3770821606,0.338357400461
"1236","teansing",0.501588906013,0.543885092007
"1237","teccy",0.643058393577,0.496444997861
"1238","tecterts",0.432772289006,0.352872867335
"1239","teded",0.500921135282,0.571532389632
"1240","teguths",0.412651310544,0.425548931485
"1241","telfure",0.617057588955,0.566581569937
"1242","tencmics",0.547905083713,0.536771497695
"1243","tepral",0.641421991884,0.478086109663
"1244","termoth",0.45123687969,0.507364248391
"1245","tersless",0.460963984814,0.298651505633
"1246","texlirt",0.602625303407,0.529837275129
"1247","teyin",0.603758601953,0.594780195149
"1248","teziels",0.491883274169,0.440809715184
"1249","thaca",0.502092566517,0.666354790184
"1250","thiels",0.455619397336,0.409605416468
"1251","thobbling",0.348350075501,0.359378301273
"1252","thosh",0.501922008123,0.422370876989
"1253","thoving",0.530025495464,0.406937814854
"1254","threet",0.435823027042,0.532710794208
"1255","threthes",0.586699831133,0.449848849301
"1256","thriper",0.453247403737,0.526354061772
"1257","thronk",0.523583768701,0.574380316437
"1258","throseless",0.383900394676,0.349582955449
"1259","thrun",0.562220099837,0.397667348419
"1260","thupe",0.50424032732,0.454598074615
"1261","thwain",0.570909127795,0.590272243845
"1262","thwarns",0.335839344147,0.413439022166
"1263","tiake",0.593294026154,0.550466291413
"1264","tibfy",0.639297940963,0.555856889232
"1265","tievage",0.481940309179,0.56387761562
"1266","timloe",0.578569910912,0.419924620667
"1267","tipgred",0.44491531267,0.352512234764
"1268","tirks",0.53754379288,0.600836991453
"1269","tobfost",0.507348835027,0.566676279705
"1270","toeban",0.469373523513,0.466948938685
"1271","toep",0.547516583705,0.615041877261
"1272","tolque",0.532109441747,0.444207156453
"1273","toubt",0.468493313939,0.423365307967
"1274","toutured",0.132264294898,0.250848247812
"1275","towtion",0.577868491774,0.570679985088
"1276","trachms",0.431448251605,0.507388185716
"1277","traffiths",0.530982900875,0.533579555389
"1278","trapgeer",0.426329802628,0.382018451167
"1279","trapgior",0.510109694166,0.338199779319
"1280","trarb",0.453164854725,0.446548025203
"1281","trardlers",0.489841332903,0.395967178694
"1282","trareplacks",0.467297430657,0.415442509201
"1283","tratecate",0.472031945194,0.539716118611
"1284","trearkers",0.35808076797,0.537817797594
"1285","trefewn",0.502367332055,0.574452387104
"1286","trenchexed",0.324695648803,0.302837311332
"1287","trexpossed",0.482458275666,0.28415877574
"1288","tridging",0.408116618554,0.526314982332
"1289","trissling",0.506597501849,0.570220713776
"1290","triyrs",0.48037077396,0.39735419434
"1291","trobbles",0.365290860891,0.45519184985
"1292","troolblip",0.565095187271,0.554570086112
"1293","troolstips",0.513448590287,0.453399510291
"1294","trufts",0.614518882922,0.658207708417
"1295","trukels",0.585808194272,0.501934622929
"1296","trukers",0.540965031299,0.428465726684
"1297","trukes",0.517933104109,0.541681801604
"1298","trukhing",0.503080593999,0.496559932548
"1299","trumbs",0.509698322693,0.526370053707
"1300","trynger",0.540582365106,0.611023446757
"1301","tudmies",0.617744179593,0.579612071323
"1302","tulpt",0.591253523989,0.450308208991
"1303","tulthum",0.60513138477,0.508729359814
"1304","tunged",0.542645313538,0.45869272476
"1305","tunsuls",0.476313404914,0.475024319319
"1306","tupgred",0.431856478009,0.38286813063
"1307","turpled",0.487218250692,0.428902907907
"1308","tusler",0.487954215804,0.600431990262
"1309","tuwhe",0.565553948794,0.535973091036
"1310","tuxgers",0.496504555352,0.473112327356
"1311","twertle",0.586123214816,0.751672957058
"1312","twilm",0.64968613902,0.581832366374
"1313","twingre",0.629093837427,0.544173075965
"1314","twique",0.541913755205,0.530903319586
"1315","tybeens",0.51538830222,0.568995833674
"1316","uards",0.493941629433,0.358653830931
"1317","uatz",0.568535859195,0.421695257155
"1318","ubint",0.442886548915,0.392368441283
"1319","ubnil",0.395830628367,0.504789457202
"1320","ubty",0.506635344207,0.628013413653
"1321","ubwand",0.47592002214,0.514302941043
"1322","uccurb",0.493142265285,0.501547757194
"1323","udstame",0.39477394909,0.39323135678
"1324","ughoyed",0.368461710057,0.230394477852
"1325","uglong",0.394850544151,0.502094523227
"1326","ulsping",0.568215395574,0.465668169328
"1327","ultule",0.427240231659,0.537944135863
"1328","uncemned",0.43088978755,0.38060380302
"1329","unces",0.513388499735,0.495371220198
"1330","uncien",0.48969864671,0.5409214434
"1331","uncing",0.344860855193,0.346234934196
"1332","uneits",0.371457513279,0.613951648541
"1333","unfism",0.310703941324,0.419793531189
"1334","unfith",0.420057335597,0.250318532612
"1335","unjits",0.29582553466,0.414078843531
"1336","unkiffs",0.362486721346,0.389600783379
"1337","unpoils",0.370942027405,0.430735926244
"1338","unstyps",0.444466446989,0.451950221827
"1339","unwhissed",0.274704019011,0.372956486686
"1340","unwips",0.48163375341,0.522510214355
"1341","unwoomed",0.216161512503,0.210121753009
"1342","upga",0.576686600966,0.420396452601
"1343","upgeer",0.640298776612,0.667625605486
"1344","upgion",0.5418335321,0.48030329018
"1345","upgoup",0.572716224792,0.530832173711
"1346","upua",0.55335028665,0.612990769385
"1347","ureo",0.532040230793,0.589351037435
"1348","urglon",0.373580123225,0.354983574214
"1349","urki",0.391320972792,0.456578660462
"1350","urpet",0.352621819997,0.563774027059
"1351","usce",0.609123215432,0.5624164693
"1352","uslard",0.411360070082,0.324785283778
"1353","usler",0.468009994278,0.445807669389
"1354","uwies",0.565224030557,0.564867918911
"1355","vagolve",0.416139984655,0.441796669307
"1356","valf",0.563028585753,0.55120894458
"1357","valp",0.575663263554,0.593455886814
"1358","vares",0.529556612448,0.669145793071
"1359","vebe",0.553552998199,0.565644548128
"1360","velead",0.446711595902,0.497963423641
"1361","velull",0.558708224151,0.506065675257
"1362","vergact",0.542049611936,0.3796144222
"1363","verkans",0.378073144579,0.534659709556
"1364","vevem",0.509506655455,0.588021529719
"1365","vibcines",0.436807083273,0.563539534384
"1366","vifan",0.529669752114,0.516553931232
"1367","viker",0.521989784441,0.532693993422
"1368","villup",0.508314290714,0.507444331124
"1369","vimby",0.618798244189,0.65478160088
"1370","vime",0.554842408943,0.464580777056
"1371","visk",0.541822151759,0.635609213465
"1372","viute",0.691380481343,0.609487883026
"1373","vivrerred",0.519025649614,0.494145880147
"1374","vixgle",0.372548713677,0.430616309402
"1375","volleed",0.50118502979,0.688933426274
"1376","volols",0.517502277299,0.552000605623
"1377","votaws",0.446802714789,0.399969296628
"1378","votko",0.574744275919,0.44715741597
"1379","voulnals",0.462556597918,0.466264883388
"1380","vounly",0.467361298242,0.524668610681
"1381","vubfar",0.424744583207,0.438280804214
"1382","vubnar",0.454241887937,0.444400433722
"1383","vufas",0.465043530478,0.402977281344
"1384","vuftie",0.57933189756,0.533665457257
"1385","vugloi",0.357839781675,0.342932303136
"1386","vussals",0.494677322655,0.42469985679
"1387","vussuls",0.499431334517,0.386109818141
"1388","wabtaffs",0.577771929007,0.472712580361
"1389","wabtave",0.580635284713,0.476610533283
"1390","wabwand",0.47597929153,0.60736603849
"1391","waca",0.556604198348,0.601350791191
"1392","wapgred",0.567170006764,0.387914848671
"1393","warb",0.63392942859,0.419337511225
"1394","wareies",0.45694886014,0.510911125399
"1395","warker",0.535874350759,0.589376343122
"1396","wassown",0.544483887372,0.473919115365
"1397","wava",0.690345012198,0.679553823116
"1398","wawened",0.51915613483,0.526475677098
"1399","wayfle",0.651732786196,0.608812933145
"1400","wazo",0.648049288592,0.709007031354
"1401","wearn",0.466255761275,0.668805085877
"1402","webtless",0.45074104559,0.451672906069
"1403","weecly",0.505159837594,0.497654435985
"1404","weef",0.555019804909,0.525380960111
"1405","weenman",0.540077890095,0.464852052439
"1406","weifnight",0.288215572691,0.505101462973
"1407","welup",0.473679426579,0.574401307007
"1408","werb",0.546705575531,0.550812481927
"1409","werble",0.687778827833,0.574213126643
"1410","werfy",0.580718547694,0.57951508934
"1411","werier",0.465419212571,0.538966149527
"1412","werm",0.452886451467,0.578840579331
"1413","whak",0.436245775794,0.446306399776
"1414","wheam",0.545840233527,0.63299587369
"1415","whez",0.660461808184,0.476100698072
"1416","whickstap",0.549213413602,0.461906969769
"1417","whily",0.640582011177,0.700378164991
"1418","whisspeals",0.564120805475,0.526203833563
"1419","whisspouls",0.509228754851,0.561962358276
"1420","whombers",0.712642670978,0.516502895537
"1421","whosouts",0.593539639306,0.510505366433
"1422","whosting",0.458464814832,0.4344879771
"1423","whowzage",0.667821824521,0.693486505378
"1424","wikh",0.501661108653,0.547028592408
"1425","wiky",0.703551104792,0.663811714917
"1426","willup",0.666301033622,0.563281879258
"1427","wilths",0.519934953196,0.582628160265
"1428","wimelat",0.578953995492,0.472528207546
"1429","wirps",0.494928819327,0.495178317705
"1430","wisdening",0.645815497352,0.58290729224
"1431","wizer",0.641126213871,0.556873684277
"1432","wodgal",0.462632308464,0.550443086332
"1433","woller",0.567666019145,0.565266074435
"1434","woost",0.667936012338,0.613317927093
"1435","wootworn",0.418283556595,0.482671542314
"1436","worglers",0.42616037457,0.458323779116
"1437","woshbop",0.529093105267,0.570392462241
"1438","wothing",0.376112679485,0.37051652702
"1439","wreague",0.375165428097,0.414414099339
"1440","wroltres",0.376912126751,0.380361794276
"1441","wubes",0.595696437766,0.514218503778
"1442","xecoc",0.389403459082,0.354270714652
"1443","xecos",0.475897838659,0.498802517526
"1444","xedan",0.492059992071,0.541351680242
"1445","xeddish",0.479169747678,0.383105941246
"1446","xedi",0.598138272813,0.639368790499
"1447","xedin",0.509475535213,0.427403986985
"1448","xedo",0.473021100802,0.442418160313
"1449","xefla",0.498825957525,0.538756304625
"1450","xegan",0.525349261114,0.513434683844
"1451","xegman",0.451739052572,0.533298075631
"1452","xegna",0.506137217064,0.42173055107
"1453","xeken",0.417177175918,0.483072094963
"1454","xeli",0.585377576737,0.49731146112
"1455","xelman",0.472930063457,0.513396525849
"1456","xelo",0.520767219118,0.587917420125
"1457","xembies",0.518579758903,0.531735359671
"1458","xemi",0.556845738178,0.601422053679
"1459","xemin",0.43684554401,0.505677502529
"1460","xemix",0.599155219416,0.503391636093
"1461","xemmians",0.493512549778,0.499361487144
"1462","xengtho",0.422568490038,0.427598314405
"1463","xeotan",0.429750091696,0.448385221394
"1464","xepo",0.510290107496,0.462209045609
"1465","xepra",0.39278409129,0.575005287148
"1466","xepu",0.552834348361,0.57019337791
"1467","xequa",0.52971274048,0.521835228411
"1468","xeras",0.661855829295,0.498361218734
"1469","xesca",0.559398183699,0.564353515025
"1470","xesex",0.442584871226,0.533667704939
"1471","xesma",0.419572556363,0.378828391775
"1472","xesok",0.398606130043,0.500315814636
"1473","xesos",0.389165181696,0.473091901657
"1474","xetob",0.472396009824,0.394912145355
"1475","xetof",0.424081295191,0.595667714346
"1476","xetog",0.353006614296,0.467893875379
"1477","xetos",0.530501501149,0.493600261036
"1478","xetow",0.493731552824,0.442663421249
"1479","xetten",0.501183715884,0.452423060013
"1480","xetty",0.596532154039,0.543886623597
"1481","xexen",0.414539354052,0.510421073432
"1482","xmat",0.615140462356,0.474924582277
"1483","yabe",0.628373364413,0.57017280103
"1484","yary",0.661993199157,0.699118628065
"1485","yishing",0.66044384065,0.689788611928
"1486","yofi",0.634859597665,0.647803658557
"1487","youncing",0.577661618943,0.608660638488
"1488","yual",0.532824999274,0.631864093185
"1489","yunal",0.639480396238,0.527296617308
"1490","yupen",0.515663675796,0.58369546943
"1491","yuppea",0.551721983698,0.574742448959
"1492","yury",0.626785750802,0.543317915851
"1493","yusi",0.734914183561,0.56411759435
"1494","yuxwas",0.325621599621,0.429421270332
"1495","yuywas",0.590044264039,0.470702312392
"1496","zauze",0.496120821386,0.510345290534
"1497","zerow",0.48041726123,0.44542071328
"1498","zilk",0.548358972478,0.549062883736
"1499","zohels",0.38707214066,0.579870470588
"1500","zokils",0.491782529595,0.545611940563
